Session;Statut de l’établissement de la filière de formation (public, privé…);Code UAI de l'établissement;Établissement;Code départemental de l’établissement;Département de l’établissement;Région de l’établissement;Académie de l’établissement;Filière de formation très agrégée;Filière de formation;Concours communs et banques d'épreuves;Filière de formation détaillée;Filière de formation très détaillée;Lien de la formation sur la plateforme Parcoursup;Coordonnées GPS de la formation;Capacité de l’établissement par formation;Effectif total des candidats pour une formation;Dont effectif des candidates pour une formation;Effectif total des candidats en phase principale;Dont effectif des candidats ayant postulé en internat;Effectif des candidats néo bacheliers généraux en phase principale;Dont effectif des candidats boursiers néo bacheliers généraux en phase principale;Effectif des candidats néo bacheliers technologiques en phase principale;Dont effectif des candidats boursiers néo bacheliers technologiques en phase principale;Effectif des candidats néo bacheliers professionnels en phase principale;Dont effectif des candidats boursiers néo bacheliers professionnels en phase principale;Effectif des autres candidats en phase principale;Effectif total des candidats en phase complémentaire;Effectif des candidats néo bacheliers généraux en phase complémentaire;Effectif des candidats néo bacheliers technologique en phase complémentaire;Effectif des candidats néo bacheliers professionnels en phase complémentaire;Effectifs des autres candidats en phase complémentaire;Effectif total des candidats classés par l’établissement en phase principale;Effectif des candidats classés par l’établissement en phase complémentaire;Effectif des candidats classés par l’établissement en internat (CPGE);Effectif des candidats classés par l’établissement hors internat (CPGE);Effectif des candidats néo bacheliers généraux classés par l’établissement;Dont effectif des candidats boursiers néo bacheliers généraux classés par l’établissement;Effectif des candidats néo bacheliers technologiques classés par l’établissement;Dont effectif des candidats boursiers néo bacheliers technologiques classés par l’établissement;Effectif des candidats néo bacheliers professionnels classés par l’établissement;Dont effectif des candidats boursiers néo bacheliers professionnels classés par l’établissement;Effectif des autres candidats classés par l’établissement;Effectif total des candidats ayant reçu une proposition d’admission de la part de l’établissement;Rang du dernier appelé;Effectif total des candidats ayant accepté la proposition de l’établissement (admis);Dont effectif des candidates admises;Effectif des admis en phase principale;Effectif des admis en phase complémentaire;Dont effectif des admis ayant reçu leur proposition d’admission à l'ouverture de la procédure principale;Dont effectif des admis ayant reçu leur proposition d’admission avant le baccalauréat;Dont effectif des admis ayant reçu leur proposition d’admission avant la fin de la procédure principale;Dont effectif des admis en internat;Dont effectif des admis boursiers néo bacheliers;Effectif des admis néo bacheliers;Effectif des admis néo bacheliers généraux;Effectif des admis néo bacheliers technologiques;Effectif des admis néo bacheliers professionnels;Effectif des autres candidats admis;Dont effectif des admis néo bacheliers sans information sur la mention au bac;Dont effectif des admis néo bacheliers sans mention au bac;Dont effectif des admis néo bacheliers avec mention Assez Bien au bac;Dont effectif des admis néo bacheliers avec mention Bien au bac;Dont effectif des admis néo bacheliers avec mention Très Bien au bac;Effectif des admis néo bacheliers généraux ayant eu une mention au bac;Effectif des admis néo bacheliers technologiques ayant eu une mention au bac;Effectif des admis néo bacheliers professionnels ayant eu une mention au bac;Dont effectif des admis issus du même établissement (BTS/CPGE);Dont effectif des admises issues du même établissement (BTS/CPGE);Dont effectif des admis issus de la même académie;Dont effectif des admis issus de la même académie (Paris/Créteil/Versailles réunies);% d’admis ayant reçu leur proposition d’admission à l'ouverture de la procédure principale;% d’admis ayant reçu leur proposition d’admission avant le baccalauréat;% d’admis ayant reçu leur proposition d’admission avant la fin de la procédure principale;% d’admis dont filles;% d’admis néo bacheliers issus de la même académie;% d’admis néo bacheliers issus de la même académie (Paris/Créteil/Versailles réunies);% d’admis néo bacheliers issus du même établissement (BTS/CPGE);% d’admis néo bacheliers boursiers;% d’admis néo bacheliers;% d’admis néo bacheliers sans information sur la mention au bac;% d’admis néo bacheliers sans mention au bac;% d’admis néo bacheliers avec mention Assez Bien au bac;% d’admis néo bacheliers avec mention Bien au bac;% d’admis néo bacheliers avec mention Très Bien au bac;% d’admis néo bacheliers généraux;Dont % d’admis avec mention;% d’admis néo bacheliers technologiques;Dont % d’admis avec mention;% d’admis néo bacheliers professionnels;Dont % d’admis avec mention;tri
2019;Public;0170028N;Lycée Jean Dautet;17;Charente-Maritime;Nouvelle-Aquitaine;Poitiers;CPGE;Classe préparatoire scientifique;;MPSI;;https://dossier.parcoursup.fr/Candidat/carte?g_ti_cod=3025&g_ta_cod=3025;46.1647,-1.1536402;48;717;199;717;530;666;50;2;1;1;0;48;0;0;0;0;0;584;0;235;575;558;42;0;0;0;0;26;313;467;47;9;47;0;3.0;37.0;46.0;17;2;44;44;0;0;3;0;2;20;17;5;42;0;0;2;1;21;21;6.3829787234;78.7234042553;97.8723404255;19.1484375;47.7265625;47.7265625;4.544921875;4.544921875;93.609375;0.0;4.544921875;45.453125;38.6328125;11.36328125;100.0;95.453125;0.0;0.0;0.0;0.0;2_Lycées
2019;Public;0260035X;Lycée CAMILLE VERNET;26;Drôme;Auvergne-Rhône-Alpes;Grenoble;CPGE;Classe préparatoire scientifique;;MPSI;;https://dossier.parcoursup.fr/Candidat/carte?g_ti_cod=3621&g_ta_cod=3621;44.9218,4.9032402;45;663;231;588;144;547;59;1;0;0;0;40;75;40;0;1;34;368;12;144;361;350;41;0;0;0;0;18;374;363;37;7;35;2;35.0;35.0;37.0;0;3;32;32;0;0;5;0;5;7;18;2;27;0;0;2;0;26;26;94.5945945946;94.5945945946;100.0;18.91796875;81.25;81.25;6.25;9.375;86.484375;0.0;15.625;21.875;56.25;6.25;100.0;84.375;0.0;0.0;0.0;0.0;2_Lycées
2019;Privé;0290338K;Lycée Sainte Anne;29;Finistère;Bretagne;Rennes;CPGE;Classe préparatoire scientifique;;MPSI;;https://dossier.parcoursup.fr/Candidat/carte?g_ti_cod=3849&g_ta_cod=3849;48.397,-4.4905;30;350;114;330;0;297;10;0;0;0;0;33;20;14;0;0;6;270;5;0;270;255;10;0;0;0;0;15;213;270;24;7;22;2;6.0;22.0;24.0;0;1;23;23;0;0;1;0;7;7;8;1;16;0;0;3;1;23;23;25.0;91.6666666667;100.0;29.1640625;100.0;100.0;13.04296875;4.34765625;95.828125;0.0;30.43359375;30.43359375;34.78125;4.34765625;100.0;69.5625;0.0;0.0;0.0;0.0;2_Lycées
2019;Privé;0300080Z;Lycée Emmanuel d'Alzon;30;Gard;Occitanie;Montpellier;CPGE;Classe préparatoire scientifique;;MPSI;;https://dossier.parcoursup.fr/Candidat/carte?g_ti_cod=3960&g_ta_cod=3960;43.8343,4.3714402;48;339;77;339;224;305;22;1;1;1;0;32;0;0;0;0;0;333;0;224;317;303;22;0;0;0;0;30;319;333;78;23;78;0;67.0;71.0;78.0;10;1;71;71;0;0;7;40;12;13;6;0;19;0;0;8;1;24;24;85.8974358974;91.0256410256;100.0;29.484375;33.796875;33.796875;11.267578125;1.40844726562;91.015625;56.3359375;16.8984375;18.30859375;8.44921875;0.0;100.0;26.7578125;0.0;0.0;0.0;0.0;2_Lycées
2019;Public;0330021U;Lycée Montaigne;33;Gironde;Nouvelle-Aquitaine;Bordeaux;CPGE;Classe préparatoire scientifique;;MPSI;;https://dossier.parcoursup.fr/Candidat/carte?g_ti_cod=4271&g_ta_cod=4271;44.8336,-0.57325981;144;3480;1021;3480;2831;3326;236;2;1;1;0;151;0;0;0;0;0;1061;0;490;1040;1060;85;1;0;0;0;0;395;468;144;38;144;0;59.0;135.0;141.0;21;9;144;144;0;0;0;1;2;4;28;109;141;0;0;8;2;123;123;40.9722222222;93.75;97.9166666667;26.38671875;85.40625;85.40625;5.5546875;6.25;100.0;0.6943359375;1.388671875;2.77734375;19.44140625;75.6875;100.0;97.90625;0.0;0.0;0.0;0.0;2_Lycées
2019;Public;0440021J;Lycée général Clemenceau;44;Loire-Atlantique;Pays de la Loire;Nantes;CPGE;Classe préparatoire scientifique;;MPSI;;https://dossier.parcoursup.fr/Candidat/carte?g_ti_cod=5421&g_ta_cod=5421;47.218962,-1.5450853;144;3603;975;3603;2944;3421;181;5;0;0;0;177;0;0;0;0;0;1507;0;1503;1461;1505;92;0;0;0;0;2;409;530;142;48;142;0;30.0;123.0;139.0;30;8;142;142;0;0;0;0;0;0;12;130;142;0;0;5;3;97;97;21.1267605634;86.6197183099;97.8873239437;33.796875;68.296875;68.296875;3.52099609375;5.6337890625;100.0;0.0;0.0;0.0;8.44921875;91.546875;100.0;100.0;0.0;0.0;0.0;0.0;2_Lycées
2019;Public;0450049J;Lycée Pothier;45;Loiret;Centre-Val de Loire;Orléans-Tours;CPGE;Classe préparatoire scientifique;;MPSI;;https://dossier.parcoursup.fr/Candidat/carte?g_ti_cod=5649&g_ta_cod=5649;47.907962,1.9088147;192;1266;308;1266;906;1170;94;3;0;0;0;93;0;0;0;0;0;923;0;906;869;890;77;0;0;0;0;33;871;899;166;34;166;0;124.0;151.0;166.0;48;14;160;160;0;0;6;6;11;38;69;36;143;0;0;9;1;117;117;74.6987951807;90.9638554217;100.0;20.48046875;73.125;73.125;5.625;8.75;96.375;3.75;6.875;23.75;43.125;22.5;100.0;89.375;0.0;0.0;0.0;0.0;2_Lycées
2019;Privé;0490824E;Lycée général privé Saint Martin;49;Maine-et-Loire;Pays de la Loire;Nantes;CPGE;Classe préparatoire scientifique;;MPSI;;https://dossier.parcoursup.fr/Candidat/carte?g_ti_cod=5896&g_ta_cod=5896;47.4694,-0.5516;24;296;59;263;156;236;15;0;0;0;0;27;33;16;0;0;17;213;10;129;210;202;11;0;0;0;0;11;222;213;25;4;20;4;13.0;19.0;24.0;6;0;22;22;0;0;3;1;9;5;6;1;12;0;0;0;0;15;15;52.0;76.0;96.0;16.0;68.171875;68.171875;0;0.0;88.0;4.544921875;40.90625;22.7265625;27.26953125;4.544921875;100.0;54.5390625;0.0;0.0;0.0;0.0;2_Lycées
2019;Public;0491966W;Lycée général et technologique Henri Bergson;49;Maine-et-Loire;Pays de la Loire;Nantes;CPGE;Classe préparatoire scientifique;;MPSI;;https://dossier.parcoursup.fr/Candidat/carte?g_ti_cod=5953&g_ta_cod=5953;47.4719,-0.5931;48;1271;303;1271;955;1192;87;1;0;0;0;78;0;0;0;0;0;935;0;586;925;906;73;0;0;0;0;29;480;678;49;11;49;0;11.0;39.0;47.0;14;3;48;48;0;0;1;0;0;9;18;21;48;0;0;1;0;42;42;22.4489795918;79.5918367347;95.9183673469;22.4453125;87.5;87.5;2.0830078125;6.25;97.953125;0.0;0.0;18.75;37.5;43.75;100.0;100.0;0.0;0.0;0.0;0.0;2_Lycées
2019;Public;0590221V;Lycée Henri Wallon;59;Nord;Hauts-de-France;Lille;CPGE;Classe préparatoire scientifique;;MPSI;;https://dossier.parcoursup.fr/Candidat/carte?g_ti_cod=6841&g_ta_cod=6841;50.364,3.5203402;96;1142;274;1142;934;1072;124;2;1;0;0;68;0;0;0;0;0;738;0;382;724;715;75;0;0;0;0;23;507;549;98;23;98;0;63.0;86.0;95.0;34;9;98;98;0;0;0;2;0;7;23;66;96;0;0;3;1;92;92;64.2857142857;87.7551020408;96.9387755102;23.46875;93.875;93.875;3.06103515625;9.18359375;100.0;2.04052734375;0.0;7.142578125;23.46875;67.34375;100.0;97.953125;0.0;0.0;0.0;0.0;2_Lycées
2019;Privé;0593117T;Lycée polyvalent privé La Salle;59;Nord;Hauts-de-France;Lille;CPGE;Classe préparatoire scientifique;;MPSI;;https://dossier.parcoursup.fr/Candidat/carte?g_ti_cod=6988&g_ta_cod=6988;50.6291,3.0392;48;208;63;185;0;147;13;0;0;0;0;38;23;9;0;0;14;112;10;0;112;94;10;0;0;0;0;18;122;112;11;3;9;2;9.0;9.0;11.0;0;1;5;5;0;0;6;0;1;2;1;1;4;0;0;0;0;1;1;81.8181818182;81.8181818182;100.0;27.26953125;20.0;20.0;0;20.0;45.453125;0.0;20.0;40.0;20.0;20.0;100.0;80.0;0.0;0.0;0.0;0.0;2_Lycées
2019;Public;0640055M;Lycée Louis Barthou;64;Pyrénées-Atlantiques;Nouvelle-Aquitaine;Bordeaux;CPGE;Classe préparatoire scientifique;;MPSI;;https://dossier.parcoursup.fr/Candidat/carte?g_ti_cod=7704&g_ta_cod=7704;43.2962,-0.3647;48;1065;301;1065;822;988;66;4;1;0;0;73;0;0;0;0;0;695;0;579;679;682;51;1;0;0;0;12;300;440;48;10;48;0;0.0;35.0;44.0;20;7;48;48;0;0;0;1;1;5;31;10;46;0;0;1;1;35;35;0.0;72.9166666667;91.6666666667;20.83203125;72.90625;72.90625;2.0830078125;14.58203125;100.0;2.0830078125;2.0830078125;10.416015625;64.578125;20.83203125;100.0;95.828125;0.0;0.0;0.0;0.0;2_Lycées
2019;Public;0680031P;Lycée Albert Schweitzer;68;Haut-Rhin;Grand Est;Strasbourg;CPGE;Classe préparatoire scientifique;;MPSI;;https://dossier.parcoursup.fr/Candidat/carte?g_ti_cod=8096&g_ta_cod=8096;47.746662,7.3233147;96;749;199;694;489;625;67;0;0;0;0;69;55;27;1;0;27;487;17;346;474;482;54;0;0;0;0;5;452;486;54;8;52;2;13.0;52.0;54.0;28;14;52;52;0;0;2;3;7;23;14;5;42;0;0;7;2;42;42;24.0740740741;96.2962962963;100.0;14.814453125;80.765625;80.765625;13.4609375;26.921875;96.28125;5.7685546875;13.4609375;44.2265625;26.921875;9.615234375;100.0;80.765625;0.0;0.0;0.0;0.0;2_Lycées
2019;Public;0750652B;Lycée Charlemagne;75;Paris;Ile-de-France;Paris;CPGE;Classe préparatoire scientifique;;MPSI;;https://dossier.parcoursup.fr/Candidat/carte?g_ti_cod=8960&g_ta_cod=8960;48.8536,2.3582;96;4751;1421;4751;853;4431;457;5;3;0;0;315;0;0;0;0;0;1172;0;579;1141;1165;117;1;1;0;0;6;657;832;96;34;96;0;9.0;80.0;86.0;3;7;95;95;0;0;1;0;0;2;22;71;95;0;0;6;1;46;87;9.375;83.3333333333;89.5833333333;35.4140625;48.4140625;91.578125;6.3154296875;7.3681640625;98.953125;0.0;0.0;2.10498046875;23.15625;74.734375;100.0;100.0;0.0;0.0;0.0;0.0;2_Lycées
2019;Public;0750660K;Lycée Fénelon;75;Paris;Ile-de-France;Paris;CPGE;Classe préparatoire scientifique;;MPSI;;https://dossier.parcoursup.fr/Candidat/carte?g_ti_cod=8986&g_ta_cod=8986;48.8531,2.3405402;96;4453;1300;4453;817;4148;434;3;2;0;0;302;0;0;0;0;0;4446;0;554;4418;4142;434;3;2;0;0;301;823;1194;93;23;93;0;0.0;68.0;80.0;6;11;93;93;0;0;0;0;1;8;31;53;92;0;0;7;4;32;81;0.0;73.1182795699;86.0215053763;24.73046875;34.40625;87.09375;7.5263671875;11.826171875;100.0;0.0;1.0751953125;8.6015625;33.328125;56.984375;100.0;98.921875;0.0;0.0;0.0;0.0;2_Lycées
2019;Public;0770927P;Lycée Francois Ier;77;Seine-et-Marne;Ile-de-France;Créteil;CPGE;Classe préparatoire scientifique;;MPSI;;https://dossier.parcoursup.fr/Candidat/carte?g_ti_cod=9796&g_ta_cod=9796;48.4091,2.6953;48;821;226;821;608;766;78;1;1;0;0;54;0;0;0;0;0;561;0;368;525;555;63;0;0;0;0;6;309;528;47;13;47;0;2.0;37.0;46.0;17;8;47;47;0;0;0;0;5;8;23;11;42;0;0;2;0;31;41;4.25531914894;78.7234042553;97.8723404255;27.65625;65.953125;87.21875;4.2548828125;17.01953125;100.0;0.0;10.63671875;17.01953125;48.9296875;23.40234375;100.0;89.359375;0.0;0.0;0.0;0.0;2_Lycées
2019;Public;0782562L;Lycée Hoche;78;Yvelines;Ile-de-France;Versailles;CPGE;Classe préparatoire scientifique;;MPSI;;https://dossier.parcoursup.fr/Candidat/carte?g_ti_cod=10043&g_ta_cod=10043;48.8058,2.1364;96;3616;1050;3616;3048;3456;184;1;0;0;0;159;0;0;0;0;0;1631;0;1456;1580;1617;91;0;0;0;0;14;282;369;96;23;96;0;19.0;90.0;93.0;26;8;95;95;0;0;1;5;0;0;5;85;90;0;0;17;3;70;83;19.7916666667;93.75;96.875;23.95703125;73.671875;87.359375;17.89453125;8.419921875;98.953125;5.2626953125;0.0;0.0;5.2626953125;89.46875;100.0;94.734375;0.0;0.0;0.0;0.0;2_Lycées
2019;Public;0130002G;Lycée Paul Cezanne;13;Bouches-du-Rhône;Provence Alpes Côte d'Azur;Aix-Marseille;CPGE;Classe préparatoire scientifique;;MPSI;;https://dossier.parcoursup.fr/Candidat/carte?g_ti_cod=2527&g_ta_cod=2527;43.534,5.4593402;48;1386;453;1386;315;1274;105;6;2;0;0;106;0;0;0;0;0;720;0;189;717;707;61;0;0;0;0;13;438;546;47;15;47;0;20.0;39.0;47.0;2;4;45;45;0;0;2;0;1;4;13;27;44;0;0;7;3;35;35;42.5531914894;82.9787234043;100.0;31.9140625;77.765625;77.765625;15.5546875;8.888671875;95.734375;0.0;2.22216796875;8.888671875;28.88671875;60.0;100.0;97.765625;0.0;0.0;0.0;0.0;2_Lycées
2019;Public;0010013J;Lycée Lalande;01;Ain;Auvergne-Rhône-Alpes;Lyon;CPGE;Classe préparatoire scientifique;;MPSI;;https://dossier.parcoursup.fr/Candidat/carte?g_ti_cod=2000&g_ta_cod=2000;46.2026,5.2259;48;627;160;554;450;504;44;3;1;0;0;47;73;41;0;0;32;436;23;356;418;419;38;0;0;0;0;17;350;437;27;6;23;4;2.0;20.0;25.0;13;4;25;25;0;0;2;1;2;9;8;5;22;0;0;2;0;19;19;7.40740740741;74.0740740741;92.5925925926;22.21875;76.0;76.0;8;16.0;92.578125;4.0;8.0;36.0;32.0;20.0;100.0;88.0;0.0;0.0;0.0;0.0;2_Lycées
2019;Privé;0131341M;Lycée Notre Dame De Sion;13;Bouches-du-Rhône;Provence Alpes Côte d'Azur;Aix-Marseille;CPGE;Classe préparatoire scientifique;;MPSI;;https://dossier.parcoursup.fr/Candidat/carte?g_ti_cod=2628&g_ta_cod=2628;43.283,5.3814;48;326;74;287;0;258;15;0;0;0;0;29;39;24;0;0;15;234;28;0;234;218;12;0;0;0;0;16;215;234;28;6;20;8;1.0;20.0;27.0;0;3;25;25;0;0;3;0;4;13;6;2;21;0;0;0;0;22;22;3.57142857143;71.4285714286;96.4285714286;21.42578125;88.0;88.0;0;12.0;89.28125;0.0;16.0;52.0;24.0;8.0;100.0;84.0;0.0;0.0;0.0;0.0;2_Lycées
2019;Public;0061642C;Lycée International de Valbonne;06;Alpes-Maritimes;Provence Alpes Côte d'Azur;Nice;CPGE;Classe préparatoire scientifique;;MPSI;;https://dossier.parcoursup.fr/Candidat/carte?g_ti_cod=2314&g_ta_cod=2314;43.6205,7.0416;93;1058;307;1058;924;953;75;2;0;0;0;103;0;0;0;0;0;728;0;924;652;721;56;0;0;0;0;7;400;521;93;20;93;0;2.0;80.0;88.0;85;4;92;92;0;0;1;0;5;14;30;43;87;0;0;2;1;77;77;2.15053763441;86.0215053763;94.623655914;21.50390625;83.6875;83.6875;2.173828125;4.34765625;98.921875;0.0;5.4345703125;15.216796875;32.6015625;46.734375;100.0;94.5625;0.0;0.0;0.0;0.0;2_Lycées
2019;Public;0250007X;Lycée Victor Hugo;25;Doubs;Bourgogne-Franche-Comté;Besancon;CPGE;Classe préparatoire scientifique;;MPSI;;https://dossier.parcoursup.fr/Candidat/carte?g_ti_cod=3450&g_ta_cod=3450;47.2187,5.9767;89;995;281;941;721;885;59;0;0;0;0;56;54;40;0;0;14;564;17;440;548;558;39;0;0;0;0;6;442;564;79;14;76;3;23.0;73.0;79.0;47;9;78;78;0;0;1;0;1;13;37;27;77;0;0;3;0;67;67;29.1139240506;92.4050632911;100.0;17.71875;85.890625;85.890625;3.845703125;11.537109375;98.71875;0.0;1.28198242188;16.6640625;47.4296875;34.609375;100.0;98.703125;0.0;0.0;0.0;0.0;2_Lycées
2019;Public;0280007F;Lycée Marceau;28;Eure-et-Loir;Centre-Val de Loire;Orléans-Tours;CPGE;Classe préparatoire scientifique;;MPSI;;https://dossier.parcoursup.fr/Candidat/carte?g_ti_cod=3724&g_ta_cod=3724;48.4432,1.4926;47;492;118;486;378;441;37;1;0;0;0;44;6;3;0;0;3;342;1;275;318;328;34;0;0;0;0;14;247;340;41;7;41;0;8.0;36.0;40.0;30;4;40;40;0;0;1;2;3;14;16;5;35;0;0;2;0;18;18;19.512195122;87.8048780488;97.5609756098;17.0703125;45.0;45.0;5;10.0;97.546875;5.0;7.5;35.0;40.0;12.5;100.0;87.5;0.0;0.0;0.0;0.0;2_Lycées
2019;Public;0220056S;Lycée Francois Rabelais;22;Côtes-d'armor;Bretagne;Rennes;CPGE;Classe préparatoire scientifique;;MPSI;;https://dossier.parcoursup.fr/Candidat/carte?g_ti_cod=3315&g_ta_cod=3315;48.504,-2.7481;48;682;192;682;518;637;32;0;0;0;0;45;0;0;0;0;0;522;0;412;510;514;28;0;0;0;0;8;366;518;44;14;44;0;12.0;38.0;43.0;10;2;44;44;0;0;0;0;4;14;14;12;40;0;0;0;0;40;40;27.2727272727;86.3636363636;97.7272727273;31.81640625;90.90625;90.90625;0;4.544921875;100.0;0.0;9.08984375;31.81640625;31.81640625;27.26953125;100.0;90.90625;0.0;0.0;0.0;0.0;2_Lycées
2019;Public;0300021K;Lycée Alphonse DAUDET;30;Gard;Occitanie;Montpellier;CPGE;Classe préparatoire scientifique;;MPSI;;https://dossier.parcoursup.fr/Candidat/carte?g_ti_cod=3926&g_ta_cod=3926;43.835862,4.3573147;48;1068;304;1068;767;1002;158;0;0;0;0;66;0;0;0;0;0;711;0;74;710;701;114;0;0;0;0;10;330;377;48;18;47;0;19.0;45.0;46.0;2;5;45;45;0;0;3;0;0;3;26;16;45;0;0;4;4;42;42;39.5833333333;93.75;95.8333333333;37.5;93.328125;93.328125;8.888671875;11.109375;93.75;0.0;0.0;6.666015625;57.7734375;35.5546875;100.0;100.0;0.0;0.0;0.0;0.0;2_Lycées
2019;Public;0310036W;Lycée Pierre De Fermat;31;Haute-Garonne;Occitanie;Toulouse;CPGE;Classe préparatoire scientifique;;MPSI;;https://dossier.parcoursup.fr/Candidat/carte?g_ti_cod=4036&g_ta_cod=4036;43.6047,1.4436;144;4657;1395;4657;3971;4415;342;4;1;1;1;237;0;0;0;0;0;4045;0;3971;3847;4023;332;3;1;1;1;18;451;579;139;27;139;0;32.0;104.0;135.0;49;13;139;139;0;0;0;5;0;0;14;120;134;0;0;7;1;85;85;23.0215827338;74.8201438849;97.1223021583;19.421875;61.1484375;61.1484375;5.03515625;9.3515625;100.0;3.5966796875;0.0;0.0;10.0703125;86.328125;100.0;96.390625;0.0;0.0;0.0;0.0;2_Lycées
2019;Public;0310038Y;Lycée BELLEVUE;31;Haute-Garonne;Occitanie;Toulouse;CPGE;Classe préparatoire scientifique;;MPSI;;https://dossier.parcoursup.fr/Candidat/carte?g_ti_cod=4042&g_ta_cod=4042;43.5614,1.4601;48;2241;654;2241;0;2108;199;5;3;1;0;127;0;0;0;0;0;792;0;0;792;792;71;0;0;0;0;0;346;433;45;13;44;0;12.0;41.0;45.0;0;6;45;45;0;0;0;0;0;2;14;29;45;0;0;0;0;37;37;26.6666666667;91.1111111111;100.0;28.88671875;82.21875;82.21875;0;13.33203125;100.0;0.0;0.0;4.4443359375;31.109375;64.4375;100.0;100.0;0.0;0.0;0.0;0.0;2_Lycées
2019;Public;0330023W;Lycée Camille Jullian;33;Gironde;Nouvelle-Aquitaine;Bordeaux;CPGE;Classe préparatoire scientifique;;MPSI;;https://dossier.parcoursup.fr/Candidat/carte?g_ti_cod=4278&g_ta_cod=4278;44.8445,-0.59035981;48;1710;503;1710;1201;1617;113;4;1;0;0;89;0;0;0;0;0;903;0;481;891;896;77;0;0;0;0;7;413;525;48;16;48;0;10.0;40.0;47.0;11;2;48;48;0;0;0;0;0;5;22;21;48;0;0;1;0;42;42;20.8333333333;83.3333333333;97.9166666667;33.328125;87.5;87.5;2.0830078125;4.166015625;100.0;0.0;0.0;10.416015625;45.828125;43.75;100.0;100.0;0.0;0.0;0.0;0.0;2_Lycées
2019;Public;0350710G;Lycée Francois René De Chateaubriand;35;Ille-et-Vilaine;Bretagne;Rennes;CPGE;Classe préparatoire scientifique;;MPSI;;https://dossier.parcoursup.fr/Candidat/carte?g_ti_cod=4671&g_ta_cod=4671;48.123938,-1.6502763;144;2753;790;2753;2280;2613;157;5;0;0;0;135;0;0;0;0;0;1300;0;1116;1267;1280;86;0;0;0;0;20;618;802;142;41;142;0;48.0;110.0;133.0;49;10;142;142;0;0;0;5;0;0;22;115;137;0;0;5;1;83;83;33.8028169014;77.4647887324;93.661971831;28.87109375;58.4453125;58.4453125;3.52099609375;7.0419921875;100.0;3.52099609375;0.0;0.0;15.4921875;80.984375;100.0;96.46875;0.0;0.0;0.0;0.0;2_Lycées
2019;Public;0420041S;Lycée Claude Fauriel;42;Loire;Auvergne-Rhône-Alpes;Lyon;CPGE;Classe préparatoire scientifique;;MPSI;;https://dossier.parcoursup.fr/Candidat/carte?g_ti_cod=5279&g_ta_cod=5279;45.438062,4.3936147;96;1212;337;1161;847;1087;100;1;1;1;0;72;51;33;1;0;17;744;7;590;729;732;65;0;0;0;0;12;561;743;80;23;76;4;2.0;69.0;78.0;24;6;79;79;0;0;1;3;3;27;31;15;73;0;0;5;2;53;53;2.5;86.25;97.5;28.75;67.078125;67.078125;6.3291015625;7.5947265625;98.75;3.79736328125;3.79736328125;34.171875;39.234375;18.984375;100.0;92.390625;0.0;0.0;0.0;0.0;2_Lycées
2019;Public;0370035M;Lycée Descartes;37;Indre-et-Loire;Centre-Val de Loire;Orléans-Tours;CPGE;Classe préparatoire scientifique;;MPSI;;https://dossier.parcoursup.fr/Candidat/carte?g_ti_cod=4823&g_ta_cod=4823;47.3915,0.6892;144;2181;559;2181;1728;2064;142;1;0;0;0;116;0;0;0;0;0;1184;0;557;1167;1166;81;0;0;0;0;18;559;717;144;32;144;0;42.0;125.0;141.0;45;15;144;144;0;0;0;0;0;6;34;104;144;0;0;7;3;88;88;29.1666666667;86.8055555556;97.9166666667;22.21875;61.109375;61.109375;4.8603515625;10.416015625;100.0;0.0;0.0;4.166015625;23.609375;72.21875;100.0;100.0;0.0;0.0;0.0;0.0;2_Lycées
2019;Public;0380027Y;Lycée Champollion;38;Isère;Auvergne-Rhône-Alpes;Grenoble;CPGE;Classe préparatoire scientifique;;MPSI;;https://dossier.parcoursup.fr/Candidat/carte?g_ti_cod=4920&g_ta_cod=4920;45.187362,5.7252147;144;2748;791;2748;2255;2598;175;1;0;0;0;149;0;0;0;0;0;1154;0;659;1144;1151;76;0;0;0;0;3;662;724;140;22;140;0;72.0;113.0;129.0;33;11;140;140;0;0;0;0;0;1;29;110;140;0;0;4;0;101;101;51.4285714286;80.7142857143;92.1428571429;15.712890625;72.140625;72.140625;2.85693359375;7.8564453125;100.0;0.0;0.0;0.714233398438;20.7109375;78.5625;100.0;100.0;0.0;0.0;0.0;0.0;2_Lycées
2019;Privé;0440163N;LGT Saint-Stanislas;44;Loire-Atlantique;Pays de la Loire;Nantes;CPGE;Classe préparatoire scientifique;;MPSI;;https://dossier.parcoursup.fr/Candidat/carte?g_ti_cod=5492&g_ta_cod=5492;47.2226,-1.5553;48;662;146;662;0;630;20;0;0;0;0;32;0;0;0;0;0;593;0;0;593;581;16;0;0;0;0;12;287;340;51;13;51;0;20.0;43.0;45.0;0;2;51;51;0;0;0;0;0;3;22;26;51;0;0;4;0;42;42;39.2156862745;84.3137254902;88.2352941176;25.48828125;82.34375;82.34375;7.8427734375;3.92138671875;100.0;0.0;0.0;5.8818359375;43.1328125;50.9765625;100.0;100.0;0.0;0.0;0.0;0.0;2_Lycées
2019;Public;0540038Y;Lycée Henri Poincaré;54;Meurthe-et-Moselle;Grand Est;Nancy-Metz;CPGE;Classe préparatoire scientifique;;MPSI;;https://dossier.parcoursup.fr/Candidat/carte?g_ti_cod=6245&g_ta_cod=6245;48.6914,6.1792402;96;2441;702;2441;1967;2312;135;1;0;2;0;126;0;0;0;0;0;1041;0;878;1014;1038;69;0;0;0;0;3;409;521;98;29;98;0;39.0;82.0;90.0;24;11;98;98;0;0;0;3;0;0;8;87;95;0;0;3;0;45;45;39.7959183673;83.6734693878;91.8367346939;29.58984375;45.9140625;45.9140625;3.06103515625;11.22265625;100.0;3.06103515625;0.0;0.0;8.162109375;88.765625;100.0;96.9375;0.0;0.0;0.0;0.0;2_Lycées
2019;Public;0501828R;Lycée Victor Grignard;50;Manche;Normandie;Caen;CPGE;Classe préparatoire scientifique;;MPSI;;https://dossier.parcoursup.fr/Candidat/carte?g_ti_cod=6035&g_ta_cod=6035;49.6385,-1.629;48;374;104;374;290;346;23;0;0;0;0;28;0;0;0;0;0;270;0;208;268;265;19;0;0;0;0;5;203;269;43;12;43;0;8.0;42.0;42.0;16;6;43;43;0;0;0;1;2;9;17;14;40;0;0;2;0;41;41;18.6046511628;97.6744186047;97.6744186047;27.90625;95.34375;95.34375;4.650390625;13.953125;100.0;2.3251953125;4.650390625;20.9296875;39.53125;32.5546875;100.0;93.015625;0.0;0.0;0.0;0.0;2_Lycées
2019;Public;0510031G;Lycée CLEMENCEAU;51;Marne;Grand Est;Reims;CPGE;Classe préparatoire scientifique;;MPSI;;https://dossier.parcoursup.fr/Candidat/carte?g_ti_cod=6057&g_ta_cod=6057;49.2504,4.0468;96;1217;341;1217;871;1132;86;3;0;0;0;82;0;0;0;0;0;669;0;480;649;667;71;0;0;0;0;2;363;528;95;24;95;0;16.0;87.0;94.0;47;10;95;95;0;0;0;0;3;17;33;42;92;0;0;4;2;73;73;16.8421052632;91.5789473684;98.9473684211;25.26171875;76.828125;76.828125;4.2099609375;10.525390625;100.0;0.0;3.15771484375;17.89453125;34.734375;44.203125;100.0;96.828125;0.0;0.0;0.0;0.0;2_Lycées
2019;Public;0510034K;Lycée Franklin Roosevelt;51;Marne;Grand Est;Reims;CPGE;Classe préparatoire scientifique;;MPSI;;https://dossier.parcoursup.fr/Candidat/carte?g_ti_cod=6061&g_ta_cod=6061;49.2622,4.0262804;48;687;180;687;443;630;60;2;1;0;0;55;0;0;0;0;0;508;0;326;496;481;45;1;0;0;0;26;306;453;48;14;48;0;0.0;28.0;43.0;28;5;44;44;0;0;4;2;11;13;16;2;31;0;0;4;2;25;25;0.0;58.3333333333;89.5833333333;29.1640625;56.8125;56.8125;9.08984375;11.36328125;91.65625;4.544921875;25.0;29.54296875;36.359375;4.544921875;100.0;70.453125;0.0;0.0;0.0;0.0;2_Lycées
2019;Public;0570054Z;Lycée Fabert;57;Moselle;Grand Est;Nancy-Metz;CPGE;Classe préparatoire scientifique;;MPSI;;https://dossier.parcoursup.fr/Candidat/carte?g_ti_cod=6525&g_ta_cod=6525;49.1225,6.1718;96;1202;329;1202;835;1124;87;0;0;0;0;78;0;0;0;0;0;797;0;561;783;774;67;0;0;0;0;23;453;562;95;27;95;0;35.0;91.0;92.0;23;9;94;94;0;0;1;0;0;6;30;58;94;0;0;17;5;78;78;36.8421052632;95.7894736842;96.8421052632;28.41796875;82.96875;82.96875;18.08203125;9.57421875;98.9375;0.0;0.0;6.3828125;31.9140625;61.6953125;100.0;100.0;0.0;0.0;0.0;0.0;2_Lycées
2019;Public;0560051B;Lycée Alain René Lesage;56;Morbihan;Bretagne;Rennes;CPGE;Classe préparatoire scientifique;;MPSI;;https://dossier.parcoursup.fr/Candidat/carte?g_ti_cod=6435&g_ta_cod=6435;47.6471,-2.7731;48;840;239;840;653;766;40;6;0;0;0;68;0;0;0;0;0;571;0;417;560;546;35;0;0;0;0;25;301;522;48;13;48;0;0.0;34.0;47.0;22;4;47;47;0;0;1;4;6;13;20;4;37;0;0;7;2;38;38;0.0;70.8333333333;97.9166666667;27.08203125;80.84375;80.84375;14.892578125;8.509765625;97.90625;8.509765625;12.765625;27.65625;42.546875;8.509765625;100.0;78.71875;0.0;0.0;0.0;0.0;2_Lycées
2019;Public;0590063Y;Lycée Albert Chatelet;59;Nord;Hauts-de-France;Lille;CPGE;Classe préparatoire scientifique;;MPSI;;https://dossier.parcoursup.fr/Candidat/carte?g_ti_cod=6734&g_ta_cod=6734;50.3741,3.0831;48;974;265;974;763;903;89;2;0;0;0;69;0;0;0;0;0;625;0;400;612;607;62;1;0;0;0;17;352;469;48;17;48;0;17.0;44.0;48.0;13;9;47;47;0;0;1;0;1;8;10;28;46;0;0;5;2;46;46;35.4166666667;91.6666666667;100.0;35.4140625;97.859375;97.859375;10.63671875;19.1484375;97.90625;0.0;2.12744140625;17.01953125;21.2734375;59.5703125;100.0;97.859375;0.0;0.0;0.0;0.0;2_Lycées
2019;Public;0620006V;Lycée Robespierre;62;Pas-de-Calais;Hauts-de-France;Lille;CPGE;Classe préparatoire scientifique;;MPSI;;https://dossier.parcoursup.fr/Candidat/carte?g_ti_cod=7326&g_ta_cod=7326;50.2862,2.7641;48;671;168;671;499;595;60;2;0;0;0;74;0;0;0;0;0;480;0;371;464;460;55;0;0;0;0;20;323;391;47;10;47;0;10.0;44.0;45.0;23;8;46;46;0;0;1;0;7;15;16;8;39;0;0;3;0;39;39;21.2765957447;93.6170212766;95.7446808511;21.2734375;84.78125;84.78125;6.521484375;17.390625;97.859375;0.0;15.216796875;32.6015625;34.78125;17.390625;100.0;84.78125;0.0;0.0;0.0;0.0;2_Lycées
2019;Privé;0592916Z;Lycée Notre-Dame De Grace;59;Nord;Hauts-de-France;Lille;CPGE;Classe préparatoire scientifique;;MPSI;;https://dossier.parcoursup.fr/Candidat/carte?g_ti_cod=6896&g_ta_cod=6896;50.2769,3.9762;30;126;33;109;0;90;7;2;1;0;0;17;17;11;1;0;5;83;12;0;83;71;6;2;1;0;0;10;87;83;16;6;9;7;4.0;9.0;12.0;0;2;14;13;1;0;2;3;7;2;2;0;4;0;0;2;0;7;7;25.0;56.25;75.0;37.5;50.0;50.0;14.28515625;14.28515625;87.5;21.42578125;50.0;14.28515625;14.28515625;0.0;92.84375;28.5703125;7.142578125;0.0;0.0;0.0;2_Lycées
2019;Privé;0592921E;Lycée Saint Rémi;59;Nord;Hauts-de-France;Lille;CPGE;Classe préparatoire scientifique;;MPSI;;https://dossier.parcoursup.fr/Candidat/carte?g_ti_cod=6900&g_ta_cod=6900;50.6943,3.1818;42;215;54;199;0;175;28;0;0;0;0;24;16;6;0;0;10;170;7;0;170;155;26;0;0;0;0;15;133;168;41;14;38;2;15.0;37.0;38.0;0;10;35;35;0;0;6;3;5;7;13;7;27;0;0;16;4;32;32;36.5853658537;90.243902439;92.6829268293;34.140625;91.421875;91.421875;45.7109375;28.5703125;85.359375;8.5703125;14.28515625;20.0;37.140625;20.0;100.0;77.140625;0.0;0.0;0.0;0.0;2_Lycées
2019;Public;0630018C;Lycée Blaise Pascal;63;Puy-de-Dôme;Auvergne-Rhône-Alpes;Clermont-Ferrand;CPGE;Classe préparatoire scientifique;;MPSI;;https://dossier.parcoursup.fr/Candidat/carte?g_ti_cod=7545&g_ta_cod=7545;45.775362,3.0939147;96;1903;534;1903;1441;1788;116;2;0;0;0;113;0;0;0;0;0;904;0;742;888;890;67;0;0;0;0;14;559;693;95;24;95;0;36.0;77.0;89.0;11;10;94;94;0;0;1;1;0;5;27;61;93;0;0;4;0;45;45;37.8947368421;81.0526315789;93.6842105263;25.26171875;47.8671875;47.8671875;4.2548828125;10.63671875;98.9375;1.06372070312;0.0;5.318359375;28.72265625;64.890625;100.0;98.921875;0.0;0.0;0.0;0.0;2_Lycées
2019;Public;0600014P;Lycée Pierre d'Ailly;60;Oise;Hauts-de-France;Amiens;CPGE;Classe préparatoire scientifique;;MPSI;;https://dossier.parcoursup.fr/Candidat/carte?g_ti_cod=7220&g_ta_cod=7220;49.406,2.8338;48;839;230;839;658;752;59;4;0;0;0;83;0;0;0;0;0;447;0;312;431;432;41;0;0;0;0;15;258;413;47;14;47;0;3.0;35.0;44.0;21;6;46;46;0;0;1;3;0;15;18;10;43;0;0;4;2;29;29;6.3829787234;74.4680851064;93.6170212766;29.78515625;63.0390625;63.0390625;8.6953125;13.04296875;97.859375;6.521484375;0.0;32.6015625;39.125;21.73828125;100.0;93.46875;0.0;0.0;0.0;0.0;2_Lycées
2019;Privé;0631068U;Lycée Godefroy De Bouillon;63;Puy-de-Dôme;Auvergne-Rhône-Alpes;Clermont-Ferrand;CPGE;Classe préparatoire scientifique;;MPSI;;https://dossier.parcoursup.fr/Candidat/carte?g_ti_cod=7603&g_ta_cod=7603;45.7802,3.0924402;36;294;81;277;171;240;10;2;0;0;0;35;17;8;1;0;8;215;4;136;210;198;9;1;0;0;0;16;157;214;25;6;22;3;6.0;19.0;24.0;4;0;24;23;1;0;1;5;4;6;4;5;14;1;0;3;1;14;14;24.0;76.0;96.0;24.0;58.328125;58.328125;12.5;0.0;96.0;20.83203125;16.6640625;25.0;16.6640625;20.83203125;95.828125;58.328125;4.166015625;4.166015625;0.0;0.0;2_Lycées
2019;Public;0670080Y;Lycée Kléber;67;Bas-Rhin;Grand Est;Strasbourg;CPGE;Classe préparatoire scientifique;;MPSI;;https://dossier.parcoursup.fr/Candidat/carte?g_ti_cod=7916&g_ta_cod=7916;48.5941,7.7567402;192;2418;653;2418;1823;2275;169;1;1;0;0;142;0;0;0;0;0;1138;0;203;1130;1095;74;0;0;0;0;43;651;798;187;40;187;0;44.0;175.0;175.0;45;14;183;183;0;0;4;0;0;7;40;136;183;0;0;10;1;128;128;23.5294117647;93.5828877005;93.5828877005;21.38671875;69.9375;69.9375;5.4638671875;7.6494140625;97.859375;0.0;0.0;3.82470703125;21.85546875;74.3125;100.0;100.0;0.0;0.0;0.0;0.0;2_Lycées
2019;Public;0730013T;Lycée Vaugelas;73;Savoie;Auvergne-Rhône-Alpes;Grenoble;CPGE;Classe préparatoire scientifique;;MPSI;;https://dossier.parcoursup.fr/Candidat/carte?g_ti_cod=8780&g_ta_cod=8780;45.5676,5.918;45;725;231;722;550;660;50;1;1;3;2;58;3;1;0;0;2;536;0;405;515;514;41;0;0;0;0;22;420;513;42;15;42;0;17.0;38.0;41.0;10;2;41;41;0;0;1;0;7;17;14;3;34;0;0;5;1;27;27;40.4761904762;90.4761904762;97.619047619;35.7109375;65.84375;65.84375;12.193359375;4.8779296875;97.609375;0.0;17.0703125;41.4609375;34.140625;7.31640625;100.0;82.921875;0.0;0.0;0.0;0.0;2_Lycées
2019;Public;0690026D;Lycée du Parc;69;Rhône;Auvergne-Rhône-Alpes;Lyon;CPGE;Classe préparatoire scientifique;;MPSI;;https://dossier.parcoursup.fr/Candidat/carte?g_ti_cod=8182&g_ta_cod=8182;45.771462,4.8580147;136;5786;1755;5786;4781;5488;375;4;2;0;0;294;0;0;0;0;0;1290;0;4781;1062;1282;96;0;0;0;0;8;503;624;136;41;136;0;50.0;112.0;130.0;26;12;136;136;0;0;0;0;0;0;6;130;136;0;0;2;0;22;22;36.7647058824;82.3529411765;95.5882352941;30.14453125;16.17578125;16.17578125;1.47045898438;8.822265625;100.0;0.0;0.0;0.0;4.4111328125;95.578125;100.0;100.0;0.0;0.0;0.0;0.0;2_Lycées
2019;Public;0690082P;Lycée Jean Perrin;69;Rhône;Auvergne-Rhône-Alpes;Lyon;CPGE;Classe préparatoire scientifique;;MPSI;;https://dossier.parcoursup.fr/Candidat/carte?g_ti_cod=8235&g_ta_cod=8235;45.794,4.8163;48;2011;607;2011;1479;1842;159;8;1;0;0;161;0;0;0;0;0;1069;0;818;1048;1052;95;0;0;0;0;17;549;894;41;10;41;0;0.0;23.0;38.0;28;3;41;41;0;0;0;2;0;4;22;13;39;0;0;0;0;20;20;0.0;56.0975609756;92.6829268293;24.38671875;48.7734375;48.7734375;0;7.31640625;100.0;4.8779296875;0.0;9.755859375;53.65625;31.70703125;100.0;95.109375;0.0;0.0;0.0;0.0;2_Lycées
2019;Public;0740003B;Lycée Berthollet;74;Haute-Savoie;Auvergne-Rhône-Alpes;Grenoble;CPGE;Classe préparatoire scientifique;;MPSI;;https://dossier.parcoursup.fr/Candidat/carte?g_ti_cod=8844&g_ta_cod=8844;45.9065,6.1283;96;1409;402;1406;1114;1303;60;2;1;0;0;101;3;0;0;0;3;901;0;789;877;888;40;0;0;0;0;13;711;857;86;16;86;0;25.0;67.0;76.0;35;2;86;86;0;0;0;0;0;13;50;23;86;0;0;9;1;63;63;29.0697674419;77.9069767442;88.3720930233;18.6015625;73.25;73.25;10.46484375;2.3251953125;100.0;0.0;0.0;15.115234375;58.1328125;26.7421875;100.0;100.0;0.0;0.0;0.0;0.0;2_Lycées
2019;Public;0750655E;Lycée Louis Le Grand;75;Paris;Ile-de-France;Paris;CPGE;Classe préparatoire scientifique;;MPSI;;https://dossier.parcoursup.fr/Candidat/carte?g_ti_cod=8974&g_ta_cod=8974;48.8477,2.3445402;182;6138;1854;6138;4578;5824;480;4;2;0;0;310;0;0;0;0;0;818;0;644;793;815;80;0;0;0;0;3;337;379;182;40;182;0;95.0;176.0;178.0;76;15;182;182;0;0;0;13;0;3;8;158;169;0;0;33;8;66;94;52.1978021978;96.7032967033;97.8021978022;21.9765625;36.2578125;51.640625;18.12890625;8.240234375;100.0;7.142578125;0.0;1.64819335938;4.3955078125;86.8125;100.0;92.84375;0.0;0.0;0.0;0.0;2_Lycées
2019;Public;0750663N;Lycée Chaptal;75;Paris;Ile-de-France;Paris;CPGE;Classe préparatoire scientifique;;MPSI;;https://dossier.parcoursup.fr/Candidat/carte?g_ti_cod=8991&g_ta_cod=8991;48.881762,2.3193147;144;5575;1630;5575;2917;5161;515;3;2;0;0;411;0;0;0;0;0;4323;0;2917;4210;4244;399;0;0;0;0;79;1069;1641;140;42;140;0;7.0;94.0;128.0;19;16;139;139;0;0;1;1;2;9;63;64;136;0;0;6;2;44;123;5.0;67.1428571429;91.4285714286;30.0;31.65234375;88.484375;4.31640625;11.509765625;99.28125;0.719360351562;1.43872070312;6.474609375;45.3203125;46.0390625;100.0;97.828125;0.0;0.0;0.0;0.0;2_Lycées
2019;Public;0750685M;Lycée Pierre-Gilles de Gennes - ENCPB;75;Paris;Ile-de-France;Paris;CPGE;Classe préparatoire scientifique;;MPSI;;https://dossier.parcoursup.fr/Candidat/carte?g_ti_cod=9070&g_ta_cod=9070;48.836724,2.3557294;48;1357;391;1357;225;1216;197;2;1;0;0;139;0;0;0;0;0;871;0;179;859;831;128;2;1;0;0;38;424;594;45;10;45;0;0.0;33.0;44.0;2;4;41;41;0;0;4;4;5;19;12;1;32;0;0;0;0;18;34;0.0;73.3333333333;97.7777777778;22.21875;43.8984375;82.921875;0;9.755859375;91.109375;9.755859375;12.193359375;46.3359375;29.265625;2.43896484375;100.0;78.046875;0.0;0.0;0.0;0.0;2_Lycées
2019;Public;0750693W;Lycée Buffon;75;Paris;Ile-de-France;Paris;CPGE;Classe préparatoire scientifique;;MPSI;;https://dossier.parcoursup.fr/Candidat/carte?g_ti_cod=9114&g_ta_cod=9114;48.8424,2.2927;48;2525;740;2525;455;2282;303;3;1;0;0;240;0;0;0;0;0;1303;0;341;1284;1300;198;0;0;0;0;3;599;890;46;10;46;0;3.0;26.0;44.0;3;5;46;46;0;0;0;0;3;13;21;9;43;0;0;3;0;14;40;6.52173913043;56.5217391304;95.652173913;21.73828125;30.43359375;86.953125;6.521484375;10.869140625;100.0;0.0;6.521484375;28.2578125;45.6484375;19.5625;100.0;93.46875;0.0;0.0;0.0;0.0;2_Lycées
2019;Public;0692866R;Lycée La Martiniere Monplaisir;69;Rhône;Auvergne-Rhône-Alpes;Lyon;CPGE;Classe préparatoire scientifique;;MPSI;;https://dossier.parcoursup.fr/Candidat/carte?g_ti_cod=8550&g_ta_cod=8550;45.740024,4.8692706;96;3517;1016;3517;2781;3282;239;5;2;0;0;230;0;0;0;0;0;1799;0;1488;1760;1796;158;0;0;0;0;3;615;820;93;28;93;0;26.0;72.0;81.0;36;12;93;93;0;0;0;5;0;5;20;63;88;0;0;5;3;61;61;27.9569892473;77.4193548387;87.0967741935;30.10546875;65.578125;65.578125;5.3759765625;12.90234375;100.0;5.3759765625;0.0;5.3759765625;21.50390625;67.734375;100.0;94.609375;0.0;0.0;0.0;0.0;2_Lycées
2019;Public;0720896H;Lycée Militaire Prytanee National;72;Sarthe;Pays de la Loire;Nantes;CPGE;Classe préparatoire scientifique;;MPSI;;https://dossier.parcoursup.fr/Candidat/carte?g_ti_cod=8732&g_ta_cod=8732;47.7004,-0.0765;72;833;153;833;833;742;41;3;1;0;0;88;0;0;0;0;0;833;0;833;0;742;41;3;1;0;0;88;265;323;73;8;73;0;24.0;73.0;73.0;73;4;70;70;0;0;3;0;1;15;22;32;69;0;0;6;0;22;22;32.8767123288;100.0;100.0;10.95703125;31.42578125;31.42578125;8.5703125;5.7138671875;95.875;0.0;1.42846679688;21.42578125;31.42578125;45.7109375;100.0;98.5625;0.0;0.0;0.0;0.0;2_Lycées
2019;Privé;0753873C;Lycée Fénelon Sainte-Marie;75;Paris;Ile-de-France;Paris;CPGE;Classe préparatoire scientifique;;MPSI;;https://dossier.parcoursup.fr/Candidat/carte?g_ti_cod=9474&g_ta_cod=9474;48.8793,2.3165;78;1409;365;1409;0;1307;40;0;0;0;0;102;0;0;0;0;0;904;0;0;904;901;18;0;0;0;0;3;510;597;77;9;77;0;1.0;45.0;63.0;0;1;77;77;0;0;0;1;0;8;43;25;76;0;0;4;0;39;71;1.2987012987;58.4415584416;81.8181818182;11.6875;50.6484375;92.203125;5.1943359375;1.29858398438;100.0;1.29858398438;0.0;10.388671875;55.84375;32.4609375;100.0;98.6875;0.0;0.0;0.0;0.0;2_Lycées
2019;Public;0750654D;Lycée Henri IV;75;Paris;Ile-de-France;Paris;CPGE;Classe préparatoire scientifique;;MPSI;;https://dossier.parcoursup.fr/Candidat/carte?g_ti_cod=8964&g_ta_cod=8964;48.845976,2.3479527;92;5666;1748;5666;4091;5346;479;4;1;1;0;315;0;0;0;0;0;546;0;353;542;544;39;0;0;0;0;2;278;367;92;25;92;0;28.0;82.0;85.0;26;13;91;91;0;0;1;0;0;1;9;81;91;0;0;27;7;39;68;30.4347826087;89.1304347826;92.3913043478;27.171875;42.8515625;74.71875;29.66796875;14.28515625;98.90625;0.0;0.0;1.09887695312;9.888671875;89.0;100.0;100.0;0.0;0.0;0.0;0.0;2_Lycées
2019;Public;0060030A;Lycée Masséna;06;Alpes-Maritimes;Provence Alpes Côte d'Azur;Nice;CPGE;Classe préparatoire scientifique;;MPSI;;https://dossier.parcoursup.fr/Candidat/carte?g_ti_cod=2206&g_ta_cod=2206;43.6991,7.2754;96;2325;709;2325;1918;2149;175;5;1;0;0;171;0;0;0;0;0;1970;0;1918;1882;1852;175;0;0;0;0;118;237;325;95;29;95;0;30.0;85.0;91.0;47;7;95;95;0;0;0;0;0;2;14;79;95;0;0;4;2;80;80;31.5789473684;89.4736842105;95.7894736842;30.5234375;84.203125;84.203125;4.2099609375;7.3681640625;100.0;0.0;0.0;2.10498046875;14.736328125;83.15625;100.0;100.0;0.0;0.0;0.0;0.0;2_Lycées
2019;Public;0750667T;Lycée Condorcet;75;Paris;Ile-de-France;Paris;CPGE;Classe préparatoire scientifique;;MPSI;;https://dossier.parcoursup.fr/Candidat/carte?g_ti_cod=8998&g_ta_cod=8998;48.8746,2.3269;96;5150;1486;5150;893;4848;489;4;3;0;0;298;0;0;0;0;0;1762;0;590;1735;1755;183;0;0;0;0;7;748;894;94;32;94;0;50.0;88.0;93.0;6;16;94;94;0;0;0;0;0;0;18;76;94;0;0;10;5;39;73;53.1914893617;93.6170212766;98.9361702128;34.0390625;41.484375;77.65625;10.63671875;17.01953125;100.0;0.0;0.0;0.0;19.1484375;80.84375;100.0;100.0;0.0;0.0;0.0;0.0;2_Lycées
2019;Privé;0060673Z;Lycée Stanislas;06;Alpes-Maritimes;Provence Alpes Côte d'Azur;Nice;CPGE;Classe préparatoire scientifique;;MPSI;;https://dossier.parcoursup.fr/Candidat/carte?g_ti_cod=2237&g_ta_cod=2237;43.5524,7.0083;36;492;148;460;396;414;19;0;0;0;0;46;32;22;0;0;10;306;7;270;285;291;9;0;0;0;0;15;234;299;33;8;33;0;3.0;29.0;31.0;28;2;31;31;0;0;2;0;0;3;19;9;31;0;0;4;0;20;20;9.09090909091;87.8787878788;93.9393939394;24.2421875;64.515625;64.515625;12.90234375;6.451171875;93.9375;0.0;0.0;9.67578125;61.2890625;29.03125;100.0;100.0;0.0;0.0;0.0;0.0;2_Lycées
2019;Public;0750699C;Lycée Janson De Sailly;75;Paris;Ile-de-France;Paris;CPGE;Classe préparatoire scientifique;;MPSI;;https://dossier.parcoursup.fr/Candidat/carte?g_ti_cod=9130&g_ta_cod=9130;48.8656,2.2791402;192;5819;1699;5819;3614;5460;426;5;1;0;0;354;0;0;0;0;0;2979;0;523;2954;2961;186;1;1;0;0;17;1601;1904;188;57;188;0;24.0;161.0;166.0;15;30;188;188;0;0;0;3;1;4;47;133;184;0;0;8;0;46;126;12.7659574468;85.6382978723;88.2978723404;30.31640625;24.46484375;67.015625;4.2548828125;15.95703125;100.0;1.595703125;0.531860351562;2.12744140625;25.0;70.734375;100.0;97.859375;0.0;0.0;0.0;0.0;2_Lycées
2019;Public;0100022V;Lycée Chrestien de Troyes;10;Aube;Grand Est;Reims;CPGE;Classe préparatoire scientifique;;MPSI;;https://dossier.parcoursup.fr/Candidat/carte?g_ti_cod=2405&g_ta_cod=2405;48.268962,4.0784147;48;457;127;401;258;370;29;2;1;0;0;29;56;35;0;0;21;209;4;53;206;207;21;1;0;0;0;1;181;207;41;16;40;1;33.0;40.0;41.0;8;2;40;40;0;0;1;0;1;14;16;9;39;0;0;8;4;31;31;80.487804878;97.5609756098;100.0;39.0234375;77.5;77.5;20;5.0;97.546875;0.0;2.5;35.0;40.0;22.5;100.0;97.5;0.0;0.0;0.0;0.0;2_Lycées
2019;Public;0770933W;Lycée Jacques Amyot;77;Seine-et-Marne;Ile-de-France;Créteil;CPGE;Classe préparatoire scientifique;;MPSI;;https://dossier.parcoursup.fr/Candidat/carte?g_ti_cod=9808&g_ta_cod=9808;48.5453,2.6596402;35;642;165;642;414;590;87;1;1;0;0;51;0;0;0;0;0;477;0;312;457;453;65;0;0;0;0;24;250;328;40;11;40;0;17.0;31.0;40.0;9;6;39;39;0;0;1;0;0;15;15;9;39;0;0;3;2;35;38;42.5;77.5;100.0;27.5;89.734375;97.421875;7.69140625;15.3828125;97.5;0.0;0.0;38.4609375;38.4609375;23.07421875;100.0;100.0;0.0;0.0;0.0;0.0;2_Lycées
2019;Public;0780015T;Lycée Militaire de Saint-Cyr;78;Yvelines;Ile-de-France;Versailles;CPGE;Classe préparatoire scientifique;;MPSI;;https://dossier.parcoursup.fr/Candidat/carte?g_ti_cod=9954&g_ta_cod=9954;48.7997,2.0682598;72;955;173;955;955;853;47;7;1;0;0;95;0;0;0;0;0;955;0;955;0;853;47;7;1;0;0;95;260;312;71;13;71;0;11.0;66.0;66.0;71;1;70;70;0;0;1;0;0;10;39;21;70;0;0;1;0;16;25;15.4929577465;92.9577464789;92.9577464789;18.30859375;22.85546875;35.7109375;1.42846679688;1.42846679688;98.578125;0.0;0.0;14.28515625;55.7109375;30.0;100.0;100.0;0.0;0.0;0.0;0.0;2_Lycées
2019;Privé;0783053V;Lycée Sainte Geneviève;78;Yvelines;Ile-de-France;Versailles;CPGE;Classe préparatoire scientifique;;MPSI;;https://dossier.parcoursup.fr/Candidat/carte?g_ti_cod=10072&g_ta_cod=10072;48.8024,2.1539;142;2590;780;2590;2590;2512;112;0;0;1;0;77;0;0;0;0;0;2590;0;2590;0;2512;112;0;0;1;0;77;193;;142;27;142;0;99.0;134.0;139.0;142;6;142;142;0;0;0;3;0;0;1;138;139;0;0;0;0;29;48;69.7183098592;94.3661971831;97.8873239437;19.01171875;20.421875;33.796875;0;4.224609375;100.0;2.1123046875;0.0;0.0;0.704223632812;97.171875;100.0;97.875;0.0;0.0;0.0;0.0;2_Lycées
2019;Public;0760052U;Lycée François 1er;76;Seine-Maritime;Normandie;Rouen;CPGE;Classe préparatoire scientifique;;MPSI;;https://dossier.parcoursup.fr/Candidat/carte?g_ti_cod=9570&g_ta_cod=9570;49.4965,0.11375981;48;597;152;597;0;551;38;2;0;0;0;44;0;0;0;0;0;372;0;0;372;364;29;0;0;0;0;8;254;345;48;10;48;0;13.0;45.0;46.0;0;3;48;48;0;0;0;0;2;17;25;4;46;0;0;1;0;44;44;27.0833333333;93.75;95.8333333333;20.83203125;91.65625;91.65625;2.0830078125;6.25;100.0;0.0;4.166015625;35.4140625;52.078125;8.33203125;100.0;95.828125;0.0;0.0;0.0;0.0;2_Lycées
2019;Public;0760090K;Lycée Pierre Corneille;76;Seine-Maritime;Normandie;Rouen;CPGE;Classe préparatoire scientifique;;MPSI;;https://dossier.parcoursup.fr/Candidat/carte?g_ti_cod=9586&g_ta_cod=9586;49.4458,1.1008402;96;1872;499;1872;1382;1767;99;1;0;0;0;104;0;0;0;0;0;811;0;1382;747;805;51;0;0;0;0;6;319;494;95;24;95;0;12.0;72.0;92.0;24;7;94;94;0;0;1;1;0;2;16;75;93;0;0;4;2;62;62;12.6315789474;75.7894736842;96.8421052632;25.26171875;65.953125;65.953125;4.2548828125;7.4462890625;98.9375;1.06372070312;0.0;2.12744140625;17.01953125;79.78125;100.0;98.921875;0.0;0.0;0.0;0.0;2_Lycées
2019;Public;0810959C;Lycée La Borde Basse;81;Tarn;Occitanie;Toulouse;CPGE;Classe préparatoire scientifique;;MPSI;;https://dossier.parcoursup.fr/Candidat/carte?g_ti_cod=10281&g_ta_cod=10281;43.625562,2.2593147;24;837;211;837;721;806;83;0;0;0;0;31;0;0;0;0;0;404;0;361;395;402;37;0;0;0;0;2;164;194;24;8;24;0;2.0;24.0;24.0;20;3;23;23;0;0;1;0;0;0;6;17;23;0;0;1;0;17;17;8.33333333333;100.0;100.0;33.328125;73.90625;73.90625;4.34765625;13.04296875;95.828125;0.0;0.0;0.0;26.0859375;73.90625;100.0;100.0;0.0;0.0;0.0;0.0;2_Lycées
2019;Public;0860035W;Lycée Camille Guérin;86;Vienne;Nouvelle-Aquitaine;Poitiers;CPGE;Classe préparatoire scientifique;;MPSI;;https://dossier.parcoursup.fr/Candidat/carte?g_ti_cod=10584&g_ta_cod=10584;46.5678,0.365;96;1268;356;1268;1037;1197;87;1;0;1;0;69;0;0;0;0;0;886;0;733;860;870;74;0;0;0;0;16;433;627;94;19;94;0;49.0;76.0;90.0;40;8;94;94;0;0;0;0;6;21;40;27;88;0;0;3;3;83;83;52.1276595745;80.8510638298;95.7446808511;20.2109375;88.296875;88.296875;3.19140625;8.509765625;100.0;0.0;6.3828125;22.33984375;42.546875;28.72265625;100.0;93.609375;0.0;0.0;0.0;0.0;2_Lycées
2019;Public;0911251R;Lycée du Parc des Loges;91;Essonne;Ile-de-France;Versailles;CPGE;Classe préparatoire scientifique;;MPSI;;https://dossier.parcoursup.fr/Candidat/carte?g_ti_cod=10926&g_ta_cod=10926;48.6269,2.4236402;40;572;161;540;0;499;62;1;1;0;0;40;32;14;1;1;16;311;7;0;311;294;42;0;0;0;0;17;257;311;37;10;35;2;13.0;30.0;36.0;0;7;31;31;0;0;6;4;8;9;7;3;19;0;0;0;0;22;23;35.1351351351;81.0810810811;97.2972972973;27.0234375;70.953125;74.1875;0;22.578125;83.78125;12.90234375;25.8046875;29.03125;22.578125;9.67578125;100.0;61.2890625;0.0;0.0;0.0;0.0;2_Lycées
2019;Public;0920145H;Lycée Lakanal;92;Hauts-de-Seine;Ile-de-France;Versailles;CPGE;Classe préparatoire scientifique;;MPSI;;https://dossier.parcoursup.fr/Candidat/carte?g_ti_cod=11012&g_ta_cod=11012;48.777262,2.3074147;48;2147;579;2147;1452;2013;127;3;1;0;0;131;0;0;0;0;0;1022;0;95;1021;1018;74;0;0;0;0;4;485;752;47;12;47;0;0.0;32.0;43.0;5;10;47;47;0;0;0;0;0;4;24;19;47;0;0;4;2;36;43;0.0;68.085106383;91.4893617021;25.53125;76.59375;91.484375;8.509765625;21.2734375;100.0;0.0;0.0;8.509765625;51.0625;40.421875;100.0;100.0;0.0;0.0;0.0;0.0;2_Lycées
2019;Public;0290007A;Lycée La Pérouse - Kerichen;29;Finistère;Bretagne;Rennes;CPGE;Classe préparatoire scientifique;;MPSI;;https://dossier.parcoursup.fr/Candidat/carte?g_ti_cod=3759&g_ta_cod=3759;48.4041,-4.4835;96;1107;351;1101;788;1022;66;2;0;0;0;77;6;5;0;0;1;561;1;416;553;535;33;0;0;0;0;26;439;558;83;22;82;1;40.0;70.0;82.0;23;7;83;83;0;0;0;0;0;13;31;39;83;0;0;4;0;80;80;48.1927710843;84.3373493976;98.7951807229;26.50390625;96.375;96.375;4.818359375;8.43359375;100.0;0.0;0.0;15.662109375;37.34375;46.984375;100.0;100.0;0.0;0.0;0.0;0.0;2_Lycées
2019;Privé;0851642Y;LGT SAINT-FRANCOIS D'ASSISE;85;Vendée;Pays de la Loire;Nantes;CPGE;Classe préparatoire scientifique;;MPSI;;https://dossier.parcoursup.fr/Candidat/carte?g_ti_cod=10491&g_ta_cod=10491;46.6704,-1.4267;24;228;55;228;162;215;12;0;0;0;0;13;0;0;0;0;0;184;0;137;176;181;9;0;0;0;0;3;150;184;21;4;21;0;5.0;21.0;21.0;16;2;21;21;0;0;0;1;2;6;10;2;18;0;0;4;3;18;18;23.8095238095;100.0;100.0;19.046875;85.703125;85.703125;19.046875;9.5234375;100.0;4.76171875;9.5234375;28.5703125;47.6171875;9.5234375;100.0;85.703125;0.0;0.0;0.0;0.0;2_Lycées
2019;Public;0940120V;Lycée Marcelin Berthelot;94;Val-de-Marne;Ile-de-France;Créteil;CPGE;Classe préparatoire scientifique;;MPSI;;https://dossier.parcoursup.fr/Candidat/carte?g_ti_cod=11391&g_ta_cod=11391;48.81,2.4680402;96;2257;594;2257;1433;2135;211;3;0;0;0;119;0;0;0;0;0;1544;0;196;1537;1529;149;0;0;0;0;15;323;411;96;23;96;0;31.0;89.0;91.0;6;9;96;96;0;0;0;1;0;1;29;65;95;0;0;15;4;81;88;32.2916666667;92.7083333333;94.7916666667;23.95703125;84.375;91.65625;15.625;9.375;100.0;1.04150390625;0.0;1.04150390625;30.20703125;67.703125;100.0;98.953125;0.0;0.0;0.0;0.0;2_Lycées
2019;Public;0920142E;Lycée Louis Pasteur;92;Hauts-de-Seine;Ile-de-France;Versailles;CPGE;Classe préparatoire scientifique;;MPSI;;https://dossier.parcoursup.fr/Candidat/carte?g_ti_cod=11004&g_ta_cod=11004;48.8862,2.2742;90;2390;718;2390;0;2281;129;3;0;0;0;106;0;0;0;0;0;753;0;0;753;746;52;0;0;0;0;7;410;519;90;22;90;0;24.0;72.0;80.0;0;8;89;89;0;0;1;0;0;2;15;72;89;0;0;6;1;66;81;26.6666666667;80.0;88.8888888889;24.44140625;74.15625;91.0;6.7412109375;8.98828125;98.875;0.0;0.0;2.2470703125;16.8515625;80.890625;100.0;100.0;0.0;0.0;0.0;0.0;2_Lycées
2019;Public;0930830X;Lycée Albert Schweitzer;93;Seine-Saint-Denis;Ile-de-France;Créteil;CPGE;Classe préparatoire scientifique;;MPSI;;https://dossier.parcoursup.fr/Candidat/carte?g_ti_cod=11200&g_ta_cod=11200;48.8988,2.5110402;70;1201;329;1018;377;933;185;5;2;0;0;80;183;112;2;0;69;386;29;2;386;370;69;0;0;0;0;16;335;393;59;16;49;10;14.0;48.0;56.0;0;15;52;52;0;0;7;8;1;12;18;13;43;0;0;7;4;37;39;23.7288135593;81.3559322034;94.9152542373;27.1171875;71.140625;75.0;13.4609375;28.84375;88.125;15.3828125;1.9228515625;23.07421875;34.609375;25.0;100.0;82.6875;0.0;0.0;0.0;0.0;2_Lycées
2019;Public;9710003B;Lycée Baimbridge;971;Guadeloupe;Guadeloupe;Guadeloupe;CPGE;Classe préparatoire scientifique;;MPSI;;https://dossier.parcoursup.fr/Candidat/carte?g_ti_cod=11733&g_ta_cod=11733;16.271224,-61.525871;45;294;74;282;223;271;44;0;0;0;0;11;12;8;0;0;4;150;0;139;140;147;26;0;0;0;0;3;111;149;43;10;43;0;25.0;43.0;43.0;32;9;43;43;0;0;0;0;4;6;14;19;39;0;0;2;0;43;43;58.1395348837;100.0;100.0;23.25390625;100.0;100.0;4.650390625;20.9296875;100.0;0.0;9.30078125;13.953125;32.5546875;44.1796875;100.0;90.6875;0.0;0.0;0.0;0.0;2_Lycées
2019;Public;0952196W;LYCEE POLYVALENT GUSTAVE MONOD;95;Val-d'oise;Ile-de-France;Versailles;CPGE;Classe préparatoire scientifique;;MPSI;;https://dossier.parcoursup.fr/Candidat/carte?g_ti_cod=11561&g_ta_cod=11561;48.9723,2.2948;40;872;225;715;0;649;123;9;2;0;0;57;157;100;7;0;50;370;26;0;370;360;65;0;0;0;0;10;263;368;37;12;29;8;1.0;27.0;37.0;0;6;35;35;0;0;2;3;3;10;14;5;29;0;0;6;3;27;29;2.7027027027;72.972972973;100.0;32.4296875;77.140625;82.84375;17.140625;17.140625;94.59375;8.5703125;8.5703125;28.5703125;40.0;14.28515625;100.0;82.84375;0.0;0.0;0.0;0.0;2_Lycées
2019;Public;9720003W;Lycée Bellevue;972;Martinique;Martinique;Martinique;CPGE;Classe préparatoire scientifique;;MPSI;;https://dossier.parcoursup.fr/Candidat/carte?g_ti_cod=11783&g_ta_cod=11783;14.604024,-61.083871;45;229;96;218;45;201;27;3;0;1;1;13;11;9;0;0;2;145;3;35;145;134;14;0;0;0;0;11;126;143;33;14;31;2;5.0;28.0;33.0;1;5;31;31;0;0;2;0;5;9;8;9;26;0;0;6;2;30;30;15.1515151515;84.8484848485;100.0;42.421875;96.765625;96.765625;19.3515625;16.12890625;93.9375;0.0;16.12890625;29.03125;25.8046875;29.03125;100.0;83.859375;0.0;0.0;0.0;0.0;2_Lycées
2019;Public;0950649P;Lycée Camille Pissarro;95;Val-d'oise;Ile-de-France;Versailles;CPGE;Classe préparatoire scientifique;;MPSI;;https://dossier.parcoursup.fr/Candidat/carte?g_ti_cod=11574&g_ta_cod=11574;49.0567,2.0878402;40;516;134;516;0;461;68;6;1;0;0;49;0;0;0;0;0;344;0;0;344;328;37;0;0;0;0;16;210;341;40;7;40;0;6.0;36.0;40.0;0;3;39;39;0;0;1;3;5;14;13;4;31;0;0;7;0;33;33;15.0;90.0;100.0;17.5;84.609375;84.609375;17.9453125;7.69140625;97.5;7.69140625;12.8203125;35.890625;33.328125;10.255859375;100.0;79.484375;0.0;0.0;0.0;0.0;2_Lycées
2019;Public;9740001H;Lycée Leconte de Lisle;974;La Réunion;La Réunion;Réunion;CPGE;Classe préparatoire scientifique;;MPSI;;https://dossier.parcoursup.fr/Candidat/carte?g_ti_cod=11879&g_ta_cod=11879;-20.887738,55.469015;48;411;123;411;225;379;82;1;0;0;0;31;0;0;0;0;0;319;0;57;317;303;54;0;0;0;0;16;180;292;45;18;45;0;13.0;43.0;44.0;9;11;45;45;0;0;0;0;2;5;12;26;43;0;0;4;1;45;45;28.8888888889;95.5555555556;97.7777777778;40.0;100.0;100.0;8.888671875;24.44140625;100.0;0.0;4.4443359375;11.109375;26.6640625;57.7734375;100.0;95.546875;0.0;0.0;0.0;0.0;2_Lycées
2019;Public;0381513N;Ecole des Pupilles de l'Air - lycée de la défense;38;Isère;Auvergne-Rhône-Alpes;Grenoble;CPGE;Classe préparatoire scientifique;;MPSI;;https://dossier.parcoursup.fr/Candidat/carte?g_ti_cod=4961&g_ta_cod=4961;45.2096,5.7776;24;680;147;680;680;613;42;3;0;0;0;64;0;0;0;0;0;680;0;680;0;613;42;3;0;0;0;64;70;86;24;4;24;0;8.0;22.0;22.0;24;0;24;24;0;0;0;0;1;0;3;20;23;0;0;0;0;2;2;33.3333333333;91.6666666667;91.6666666667;16.6640625;8.33203125;8.33203125;0;0.0;100.0;0.0;4.166015625;0.0;12.5;83.328125;100.0;95.828125;0.0;0.0;0.0;0.0;2_Lycées
2019;Privé;9741255W;Lycée Catholique St Charles;974;La Réunion;La Réunion;Réunion;CPGE;Classe préparatoire scientifique;;MPSI;;https://dossier.parcoursup.fr/Candidat/carte?g_ti_cod=13218&g_ta_cod=13218;-21.338,55.4797;40;186;56;186;0;180;22;0;0;0;0;6;0;0;0;0;0;169;0;0;169;167;18;0;0;0;0;2;144;168;38;13;38;0;25.0;37.0;37.0;0;3;38;38;0;0;0;0;1;8;10;19;37;0;0;12;4;37;37;65.7894736842;97.3684210526;97.3684210526;34.203125;97.359375;97.359375;31.578125;7.89453125;100.0;0.0;2.63134765625;21.05078125;26.3125;50.0;100.0;97.359375;0.0;0.0;0.0;0.0;2_Lycées
2019;Public;0120022J;Lycée Ferdinand Foch;12;Aveyron;Occitanie;Toulouse;CPGE;Classe préparatoire scientifique;;MPSI;;https://dossier.parcoursup.fr/Candidat/carte?g_ti_cod=17642&g_ta_cod=17642;44.3506,2.5637;24;547;131;547;473;517;62;1;0;0;0;29;0;0;0;0;0;389;0;337;378;385;55;0;0;0;0;4;172;277;26;3;26;0;0.0;22.0;26.0;15;4;26;26;0;0;0;0;1;7;11;7;25;0;0;3;2;24;24;0.0;84.6153846154;100.0;11.537109375;92.296875;92.296875;11.537109375;15.3828125;100.0;0.0;3.845703125;26.921875;42.3046875;26.921875;100.0;96.140625;0.0;0.0;0.0;0.0;2_Lycées
2019;Public;0560025Y;Lycée Dupuy De Lôme;56;Morbihan;Bretagne;Rennes;CPGE;Classe préparatoire scientifique;;MPSI;;https://dossier.parcoursup.fr/Candidat/carte?g_ti_cod=6419&g_ta_cod=6419;47.748,-3.3706598;48;961;298;961;752;891;56;0;0;0;0;70;0;0;0;0;0;602;0;723;580;591;48;0;0;0;0;11;357;515;48;17;48;0;6.0;35.0;45.0;26;7;47;47;0;0;1;0;0;12;24;11;47;0;0;5;1;44;44;12.5;72.9166666667;93.75;35.4140625;93.609375;93.609375;10.63671875;14.892578125;97.90625;0.0;0.0;25.53125;51.0625;23.40234375;100.0;100.0;0.0;0.0;0.0;0.0;2_Lycées
2019;Public;0570029X;Lycée Jean Moulin;57;Moselle;Grand Est;Nancy-Metz;CPGE;Classe préparatoire scientifique;;MPSI;;https://dossier.parcoursup.fr/Candidat/carte?g_ti_cod=6517&g_ta_cod=6517;49.1865,6.8952;30;358;95;311;233;277;21;1;0;0;0;33;47;26;1;0;20;164;7;112;157;158;21;0;0;0;0;6;167;162;18;5;17;1;9.0;17.0;18.0;9;3;17;17;0;0;1;6;3;0;5;3;8;0;0;0;0;11;11;50.0;94.4444444444;100.0;27.77734375;64.703125;64.703125;0;17.64453125;94.4375;35.2890625;17.64453125;0.0;29.41015625;17.64453125;100.0;47.0546875;0.0;0.0;0.0;0.0;2_Lycées
2019;Public;0590071G;Lycée Jean Bart;59;Nord;Hauts-de-France;Lille;CPGE;Classe préparatoire scientifique;;MPSI;;https://dossier.parcoursup.fr/Candidat/carte?g_ti_cod=6746&g_ta_cod=6746;51.0366,2.384;48;484;124;465;346;427;42;2;0;0;0;36;19;10;0;0;9;336;0;258;325;324;36;1;0;0;0;11;228;338;37;6;37;0;11.0;36.0;37.0;14;7;36;36;0;0;1;2;3;9;12;10;31;0;0;9;0;32;32;29.7297297297;97.2972972973;100.0;16.21484375;88.875;88.875;25;19.44140625;97.296875;5.5546875;8.33203125;25.0;33.328125;27.77734375;100.0;86.109375;0.0;0.0;0.0;0.0;2_Lycées
2019;Public;0622949U;Lycée Mariette;62;Pas-de-Calais;Hauts-de-France;Lille;CPGE;Classe préparatoire scientifique;;MPSI;;https://dossier.parcoursup.fr/Candidat/carte?g_ti_cod=7460&g_ta_cod=7460;50.7322,1.6119402;48;434;121;392;283;353;25;1;0;0;0;38;42;25;0;0;17;219;4;283;199;210;21;0;0;0;0;9;183;205;25;9;21;4;5.0;21.0;25.0;10;4;21;21;0;0;4;0;4;4;10;3;17;0;0;2;0;18;18;20.0;84.0;100.0;36.0;85.703125;85.703125;9.5234375;19.046875;84.0;0.0;19.046875;19.046875;47.6171875;14.28515625;100.0;80.9375;0.0;0.0;0.0;0.0;2_Lycées
2019;Public;0630021F;Lycée La Fayette;63;Puy-de-Dôme;Auvergne-Rhône-Alpes;Clermont-Ferrand;CPGE;Classe préparatoire scientifique;;MPSI;;https://dossier.parcoursup.fr/Candidat/carte?g_ti_cod=7562&g_ta_cod=7562;45.76224,3.1317603;36;862;264;862;575;784;63;5;0;0;0;73;0;0;0;0;0;502;0;317;488;485;41;0;0;0;0;17;212;258;39;10;39;0;14.0;36.0;39.0;7;4;39;39;0;0;0;0;3;12;12;12;36;0;0;2;0;38;38;35.8974358974;92.3076923077;100.0;25.640625;97.421875;97.421875;5.1279296875;10.255859375;100.0;0.0;7.69140625;30.765625;30.765625;30.765625;100.0;92.296875;0.0;0.0;0.0;0.0;2_Lycées
2019;Privé;0671636P;Lycée ORT STRASBOURG;67;Bas-Rhin;Grand Est;Strasbourg;CPGE;Classe préparatoire scientifique;;MPSI;;https://dossier.parcoursup.fr/Candidat/carte?g_ti_cod=7975&g_ta_cod=7975;48.5906,7.7511;28;212;51;175;0;139;8;2;1;0;0;34;37;11;1;1;24;145;15;0;145;115;7;1;0;0;0;29;116;145;19;5;15;4;9.0;15.0;17.0;0;2;11;10;1;0;8;0;2;4;4;1;8;1;0;1;0;7;7;47.3684210526;78.9473684211;89.4736842105;26.3125;63.6328125;63.6328125;9.08984375;18.1796875;57.890625;0.0;18.1796875;36.359375;36.359375;9.08984375;90.90625;72.71875;9.08984375;9.08984375;0.0;0.0;2_Lycées
2019;Privé;0690522T;Lycée Aux Lazaristes;69;Rhône;Auvergne-Rhône-Alpes;Lyon;CPGE;Classe préparatoire scientifique;;MPSI;;https://dossier.parcoursup.fr/Candidat/carte?g_ti_cod=8291&g_ta_cod=8291;45.7639,4.8259;60;2483;690;2483;2137;2368;106;4;1;0;0;111;0;0;0;0;0;812;0;727;782;812;35;0;0;0;0;0;238;312;70;29;70;0;23.0;58.0;68.0;32;3;70;70;0;0;0;3;0;0;0;67;67;0;0;2;0;30;30;32.8571428571;82.8571428571;97.1428571429;41.421875;42.8515625;42.8515625;2.85693359375;4.28515625;100.0;4.28515625;0.0;0.0;0.0;95.703125;100.0;95.703125;0.0;0.0;0.0;0.0;2_Lycées
2019;Public;0711064W;Lycée Militaire d'Autun;71;Saône-et-Loire;Bourgogne-Franche-Comté;Dijon;CPGE;Classe préparatoire scientifique;;MPSI;;https://dossier.parcoursup.fr/Candidat/carte?g_ti_cod=8648&g_ta_cod=8648;46.9496,4.3058;30;552;106;552;552;483;29;3;1;0;0;66;0;0;0;0;0;552;0;552;0;483;29;3;1;0;0;66;183;214;28;5;28;0;9.0;23.0;27.0;28;0;26;26;0;0;2;0;1;5;15;5;25;0;0;1;0;5;5;32.1428571429;82.1428571429;96.4285714286;17.85546875;19.23046875;19.23046875;3.845703125;0.0;92.84375;0.0;3.845703125;19.23046875;57.6875;19.23046875;100.0;96.140625;0.0;0.0;0.0;0.0;2_Lycées
2019;Public;0750658H;Lycée Saint-Louis (6ème);75;Paris;Ile-de-France;Paris;CPGE;Classe préparatoire scientifique;;MPSI;;https://dossier.parcoursup.fr/Candidat/carte?g_ti_cod=8982&g_ta_cod=8982;48.8488,2.3411402;240;6372;1888;6372;4395;6066;475;2;1;0;0;304;0;0;0;0;0;1774;0;499;1754;1764;104;0;0;0;0;10;972;1205;238;84;238;0;59.0;211.0;221.0;55;25;237;237;0;0;1;1;0;1;16;219;236;0;0;0;0;54;129;24.7899159664;88.6554621849;92.8571428571;35.2890625;22.78125;54.4296875;0;10.546875;99.578125;0.421936035156;0.0;0.421936035156;6.7509765625;92.390625;100.0;99.5625;0.0;0.0;0.0;0.0;2_Lycées
2019;Public;0750679F;Lycée Paul Valery;75;Paris;Ile-de-France;Paris;CPGE;Classe préparatoire scientifique;;MPSI;;https://dossier.parcoursup.fr/Candidat/carte?g_ti_cod=9043&g_ta_cod=9043;48.8396,2.4088402;48;1360;378;1360;242;1224;209;3;2;0;0;133;0;0;0;0;0;861;0;191;852;813;135;0;0;0;0;48;574;834;50;9;50;0;10.0;29.0;50.0;3;7;49;49;0;0;1;0;16;15;16;2;33;0;0;0;0;12;45;20.0;58.0;100.0;18.0;24.48828125;91.828125;0;14.28515625;98.0;0.0;32.6484375;30.609375;32.6484375;4.0810546875;100.0;67.34375;0.0;0.0;0.0;0.0;2_Lycées
2019;Public;0782539L;Lycée Saint Exupéry;78;Yvelines;Ile-de-France;Versailles;CPGE;Classe préparatoire scientifique;;MPSI;;https://dossier.parcoursup.fr/Candidat/carte?g_ti_cod=10025&g_ta_cod=10025;48.9974,1.6934;35;427;112;296;0;260;39;1;1;0;0;35;131;76;0;0;55;166;25;0;166;155;21;1;1;0;0;10;177;166;21;7;19;2;13.0;19.0;21.0;0;1;17;17;0;0;4;0;3;6;6;2;14;0;0;5;2;15;15;61.9047619048;90.4761904762;100.0;33.328125;88.234375;88.234375;29.41015625;5.8818359375;80.9375;0.0;17.64453125;35.2890625;35.2890625;11.763671875;100.0;82.34375;0.0;0.0;0.0;0.0;2_Lycées
2019;Public;0800009A;Lycée Louis Thuillier;80;Somme;Hauts-de-France;Amiens;CPGE;Classe préparatoire scientifique;;MPSI;;https://dossier.parcoursup.fr/Candidat/carte?g_ti_cod=10150&g_ta_cod=10150;49.875105,2.2962134;96;1035;256;948;721;870;76;3;1;0;0;75;87;63;1;0;23;449;41;415;430;441;48;1;0;0;0;7;398;444;81;20;71;10;14.0;70.0;79.0;42;8;79;79;0;0;2;1;5;18;26;29;73;0;0;8;2;64;64;17.2839506173;86.4197530864;97.5308641975;24.6875;81.0;81.0;10.125;10.125;97.515625;1.265625;6.3291015625;22.78125;32.90625;36.703125;100.0;92.390625;0.0;0.0;0.0;0.0;2_Lycées
2019;Public;0830053G;Lycée Dumont d'Urville;83;Var;Provence Alpes Côte d'Azur;Nice;CPGE;Classe préparatoire scientifique;;MPSI;;https://dossier.parcoursup.fr/Candidat/carte?g_ti_cod=10342&g_ta_cod=10342;43.118,5.9384402;48;898;252;898;630;811;68;2;0;0;0;85;0;0;0;0;0;602;0;420;578;578;61;1;0;0;0;23;351;488;45;13;45;0;7.0;33.0;44.0;20;4;43;43;0;0;2;0;7;14;13;9;36;0;0;8;1;38;38;15.5555555556;73.3333333333;97.7777777778;28.88671875;88.359375;88.359375;18.6015625;9.30078125;95.546875;0.0;16.27734375;32.5546875;30.23046875;20.9296875;100.0;83.71875;0.0;0.0;0.0;0.0;2_Lycées
2019;Public;0920149M;Lycée Michelet;92;Hauts-de-Seine;Ile-de-France;Versailles;CPGE;Classe préparatoire scientifique;;MPSI;;https://dossier.parcoursup.fr/Candidat/carte?g_ti_cod=11022&g_ta_cod=11022;48.825,2.2868;48;1925;491;1925;1327;1836;124;0;0;0;0;89;0;0;0;0;0;749;0;363;729;744;60;0;0;0;0;5;348;486;48;12;48;0;0.0;40.0;47.0;14;3;48;48;0;0;0;2;0;1;15;30;46;0;0;5;2;27;38;0.0;83.3333333333;97.9166666667;25.0;56.25;79.15625;10.416015625;6.25;100.0;4.166015625;0.0;2.0830078125;31.25;62.5;100.0;95.828125;0.0;0.0;0.0;0.0;2_Lycées
2019;Privé;0920904H;Lycée Sainte Marie;92;Hauts-de-Seine;Ile-de-France;Versailles;CPGE;Classe préparatoire scientifique;;MPSI;;https://dossier.parcoursup.fr/Candidat/carte?g_ti_cod=11048&g_ta_cod=11048;48.7537,2.2986;45;875;211;875;615;833;15;1;1;0;0;41;0;0;0;0;0;715;0;520;686;707;11;0;0;0;0;8;330;394;45;13;45;0;8.0;32.0;36.0;29;0;44;44;0;0;1;1;0;5;21;17;43;0;0;8;1;26;32;17.7777777778;71.1111111111;80.0;28.88671875;59.0859375;72.71875;18.1796875;0.0;97.765625;2.2724609375;0.0;11.36328125;47.7265625;38.6328125;100.0;97.71875;0.0;0.0;0.0;0.0;2_Lycées
2019;Privé;0451335G;Lycée Sainte-Croix Saint-Euverte;45;Loiret;Centre-Val de Loire;Orléans-Tours;CPGE;Classe préparatoire scientifique;;MPSI;;https://dossier.parcoursup.fr/Candidat/carte?g_ti_cod=25067&g_ta_cod=25067;47.9017,1.9171;36;105;18;87;38;82;3;1;0;0;0;4;18;9;0;0;9;77;10;36;76;76;2;0;0;0;0;1;79;77;17;2;13;4;5.0;13.0;17.0;8;1;15;15;0;0;2;2;6;5;2;0;7;0;0;0;0;10;10;29.4117647059;76.4705882353;100.0;11.763671875;66.65625;66.65625;0;6.666015625;88.234375;13.33203125;40.0;33.328125;13.33203125;0.0;100.0;46.6640625;0.0;0.0;0.0;0.0;2_Lycées
2019;Public;0130040Y;Lycée Thiers;13;Bouches-du-Rhône;Provence Alpes Côte d'Azur;Aix-Marseille;CPGE;Classe préparatoire scientifique;;MPSI;;https://dossier.parcoursup.fr/Candidat/carte?g_ti_cod=2546&g_ta_cod=2546;43.306,5.366;144;2164;573;2164;1641;2007;210;8;1;0;0;149;0;0;0;0;0;1178;0;344;1170;1167;120;0;0;0;0;11;760;872;141;25;141;0;54.0;126.0;131.0;15;16;141;141;0;0;0;0;1;13;55;72;140;0;0;6;2;111;111;38.2978723404;89.3617021277;92.9078014184;17.73046875;78.71875;78.71875;4.2548828125;11.345703125;100.0;0.0;0.709106445312;9.21875;39.0;51.0625;100.0;99.28125;0.0;0.0;0.0;0.0;2_Lycées
2019;Public;0131596P;Lycée Militaire d'Aix-en-Provence;13;Bouches-du-Rhône;Provence Alpes Côte d'Azur;Aix-Marseille;CPGE;Classe préparatoire scientifique;;MPSI;;https://dossier.parcoursup.fr/Candidat/carte?g_ti_cod=2653&g_ta_cod=2653;43.526838,5.4593237;56;992;202;992;992;879;63;6;0;0;0;107;0;0;0;0;0;992;0;992;0;879;63;6;0;0;0;107;233;333;55;13;55;0;11.0;52.0;55.0;55;0;54;54;0;0;1;0;0;8;19;27;54;0;0;4;0;13;13;20.0;94.5454545455;100.0;23.6328125;24.0703125;24.0703125;7.4072265625;0.0;98.171875;0.0;0.0;14.814453125;35.1796875;50.0;100.0;100.0;0.0;0.0;0.0;0.0;2_Lycées
2019;Public;0140013N;Lycée Malherbe;14;Calvados;Normandie;Caen;CPGE;Classe préparatoire scientifique;;MPSI;;https://dossier.parcoursup.fr/Candidat/carte?g_ti_cod=2817&g_ta_cod=2817;49.1742,-0.37335981;96;1234;335;1234;913;1151;65;5;0;0;0;78;0;0;0;0;0;828;0;635;813;791;51;0;0;0;0;37;553;669;97;22;97;0;28.0;80.0;92.0;33;9;96;96;0;0;1;0;2;19;32;43;94;0;0;5;1;73;73;28.8659793814;82.4742268041;94.8453608247;22.6796875;76.03125;76.03125;5.2080078125;9.375;98.96875;0.0;2.0830078125;19.7890625;33.328125;44.7890625;100.0;97.90625;0.0;0.0;0.0;0.0;2_Lycées
2019;Public;0180005H;Lycée Alain-Fournier;18;Cher;Centre-Val de Loire;Orléans-Tours;CPGE;Classe préparatoire scientifique;;MPSI;;https://dossier.parcoursup.fr/Candidat/carte?g_ti_cod=3089&g_ta_cod=3089;47.1007,2.4124;48;500;139;451;362;410;35;3;1;0;0;38;49;30;0;0;19;249;20;195;237;238;28;0;0;0;0;11;249;249;27;4;22;5;1.0;22.0;25.0;16;1;23;23;0;0;4;1;3;6;12;1;19;0;0;3;0;8;8;3.7037037037;81.4814814815;92.5925925926;14.814453125;34.78125;34.78125;13.04296875;4.34765625;85.171875;4.34765625;13.04296875;26.0859375;52.171875;4.34765625;100.0;82.59375;0.0;0.0;0.0;0.0;2_Lycées
2019;Public;0210015C;Lycée Carnot;21;Côte-d'or;Bourgogne-Franche-Comté;Dijon;CPGE;Classe préparatoire scientifique;;MPSI;;https://dossier.parcoursup.fr/Candidat/carte?g_ti_cod=3177&g_ta_cod=3177;47.3238,5.0489402;144;1775;497;1775;1369;1661;98;2;0;0;0;112;0;0;0;0;0;1068;0;725;1045;1059;83;2;0;0;0;7;642;851;143;39;143;0;53.0;129.0;140.0;19;15;142;141;1;0;1;0;0;13;62;67;141;1;0;11;2;81;81;37.0629370629;90.2097902098;97.9020979021;27.26953125;57.0390625;57.0390625;7.74609375;10.5625;99.296875;0.0;0.0;9.154296875;43.65625;47.1796875;99.28125;99.28125;0.704223632812;0.704223632812;0.0;0.0;2_Lycées
2019;Public;0290063L;Lycée Naval;29;Finistère;Bretagne;Rennes;CPGE;Classe préparatoire scientifique;;MPSI;;https://dossier.parcoursup.fr/Candidat/carte?g_ti_cod=3791&g_ta_cod=3791;48.3903,-4.4862598;33;611;116;611;611;544;30;4;0;0;0;63;0;0;0;0;0;611;0;611;0;544;30;4;0;0;0;63;131;157;33;9;33;0;14.0;32.0;33.0;33;2;33;33;0;0;0;1;0;4;10;18;32;0;0;0;0;11;11;42.4242424242;96.9696969697;100.0;27.26953125;33.328125;33.328125;0;6.060546875;100.0;3.0302734375;0.0;12.12109375;30.30078125;54.5390625;100.0;96.96875;0.0;0.0;0.0;0.0;2_Lycées
2019;Public;0340038G;Lycée Joffre;34;Hérault;Occitanie;Montpellier;CPGE;Classe préparatoire scientifique;;MPSI;;https://dossier.parcoursup.fr/Candidat/carte?g_ti_cod=4481&g_ta_cod=4481;43.6111,3.8837;96;2968;875;2968;2247;2821;290;2;1;0;0;145;0;0;0;0;0;800;0;614;785;799;87;0;0;0;0;1;311;415;95;27;95;0;18.0;80.0;92.0;20;14;95;95;0;0;0;0;0;2;14;79;95;0;0;19;7;85;85;18.9473684211;84.2105263158;96.8421052632;28.41796875;89.46875;89.46875;20;14.736328125;100.0;0.0;0.0;2.10498046875;14.736328125;83.15625;100.0;100.0;0.0;0.0;0.0;0.0;2_Lycées
2019;Privé;0340881Y;Lycée Notre Dame De La Merci;34;Hérault;Occitanie;Montpellier;CPGE;Classe préparatoire scientifique;;MPSI;;https://dossier.parcoursup.fr/Candidat/carte?g_ti_cod=4533&g_ta_cod=4533;43.6093,3.8623;35;425;123;425;0;399;38;0;0;0;0;26;0;0;0;0;0;285;0;0;285;277;27;0;0;0;0;8;207;249;34;6;34;0;10.0;27.0;32.0;0;2;34;34;0;0;0;0;2;13;15;4;32;0;0;11;3;31;31;29.4117647059;79.4117647059;94.1176470588;17.64453125;91.171875;91.171875;32.3515625;5.8818359375;100.0;0.0;5.8818359375;38.234375;44.1171875;11.763671875;100.0;94.109375;0.0;0.0;0.0;0.0;2_Lycées
2019;Public;0410002E;Lycée F Philibert Dessaignes;41;Loir-et-Cher;Centre-Val de Loire;Orléans-Tours;CPGE;Classe préparatoire scientifique;;MPSI;;https://dossier.parcoursup.fr/Candidat/carte?g_ti_cod=5233&g_ta_cod=5233;47.5861,1.3356;48;441;105;389;290;360;30;0;0;0;0;29;52;32;0;1;19;282;21;210;267;276;27;0;0;0;0;6;244;282;27;12;23;4;7.0;23.0;27.0;11;5;24;24;0;0;3;0;6;9;7;2;18;0;0;6;2;22;22;25.9259259259;85.1851851852;100.0;44.4375;91.65625;91.65625;25;20.83203125;88.875;0.0;25.0;37.5;29.1640625;8.33203125;100.0;75.0;0.0;0.0;0.0;0.0;2_Lycées
2019;Public;0590119J;Lycée Faidherbe;59;Nord;Hauts-de-France;Lille;CPGE;Classe préparatoire scientifique;;MPSI;;https://dossier.parcoursup.fr/Candidat/carte?g_ti_cod=6780&g_ta_cod=6780;50.615162,3.0754147;144;2485;686;2485;1879;2324;209;4;1;0;0;157;0;0;0;0;0;1028;0;832;1012;1013;85;0;0;0;0;15;457;539;144;28;144;0;52.0;121.0;141.0;64;18;143;143;0;0;1;4;0;2;15;122;139;0;0;9;2;121;121;36.1111111111;84.0277777778;97.9166666667;19.44140625;84.609375;84.609375;6.29296875;12.5859375;99.296875;2.796875;0.0;1.3984375;10.48828125;85.3125;100.0;97.1875;0.0;0.0;0.0;0.0;2_Lycées
2019;Public;0660010C;Lycée François Arago;66;Pyrénées-Orientales;Occitanie;Montpellier;CPGE;Classe préparatoire scientifique;;MPSI;;https://dossier.parcoursup.fr/Candidat/carte?g_ti_cod=7844&g_ta_cod=7844;42.695,2.8858;48;668;207;668;485;623;72;0;0;0;0;45;0;0;0;0;0;510;0;485;490;487;61;0;0;0;0;23;231;323;47;13;47;0;9.0;41.0;44.0;18;7;46;46;0;0;1;1;2;17;20;6;43;0;0;11;2;45;45;19.1489361702;87.2340425532;93.6170212766;27.65625;97.8125;97.8125;23.91015625;15.216796875;97.859375;2.173828125;4.34765625;36.953125;43.4765625;13.04296875;100.0;93.46875;0.0;0.0;0.0;0.0;2_Lycées
2019;Public;0720029R;Lycée Montesquieu;72;Sarthe;Pays de la Loire;Nantes;CPGE;Classe préparatoire scientifique;;MPSI;;https://dossier.parcoursup.fr/Candidat/carte?g_ti_cod=8690&g_ta_cod=8690;48.0101,0.2006;48;805;181;758;0;701;57;3;2;0;0;54;47;35;0;0;12;451;6;0;451;434;41;0;0;0;0;17;312;449;44;5;41;3;27.0;41.0;44.0;0;4;43;43;0;0;1;5;1;10;17;10;37;0;0;5;0;32;32;61.3636363636;93.1818181818;100.0;11.36328125;74.40625;74.40625;11.626953125;9.30078125;97.71875;11.626953125;2.3251953125;23.25390625;39.53125;23.25390625;100.0;86.03125;0.0;0.0;0.0;0.0;2_Lycées
2019;Public;0750668U;Lycée Jacques Decour;75;Paris;Ile-de-France;Paris;CPGE;Classe préparatoire scientifique;;MPSI;;https://dossier.parcoursup.fr/Candidat/carte?g_ti_cod=9001&g_ta_cod=9001;48.8813,2.3443;48;1749;486;1749;290;1588;251;1;1;0;0;160;0;0;0;0;0;1005;0;230;1001;969;152;1;1;0;0;35;425;633;47;8;47;0;0.0;28.0;45.0;2;10;46;45;1;0;1;2;4;13;23;4;39;1;0;0;0;25;43;0.0;59.5744680851;95.7446808511;17.01953125;54.34375;93.46875;0;21.73828125;97.859375;4.34765625;8.6953125;28.2578125;50.0;8.6953125;97.8125;84.78125;2.173828125;2.173828125;0.0;0.0;2_Lycées
2019;Public;0750698B;Lycée Claude Bernard;75;Paris;Ile-de-France;Paris;CPGE;Classe préparatoire scientifique;;MPSI;;https://dossier.parcoursup.fr/Candidat/carte?g_ti_cod=9127&g_ta_cod=9127;48.8422,2.2549;48;1510;433;1399;248;1245;129;3;1;0;0;151;111;67;1;0;43;616;17;190;600;603;64;0;0;0;0;13;465;607;39;9;33;6;7.0;22.0;32.0;3;4;38;38;0;0;1;0;6;9;18;5;32;0;0;2;0;11;29;17.9487179487;56.4102564103;82.0512820513;23.07421875;28.9453125;76.3125;5.2626953125;10.525390625;97.421875;0.0;15.7890625;23.68359375;47.3671875;13.15625;100.0;84.203125;0.0;0.0;0.0;0.0;2_Lycées
2019;Privé;0753840S;Lycée Stanislas;75;Paris;Ile-de-France;Paris;CPGE;Classe préparatoire scientifique;;MPSI;;https://dossier.parcoursup.fr/Candidat/carte?g_ti_cod=9467&g_ta_cod=9467;48.8452,2.3266402;94;2661;765;2661;2091;2531;98;0;0;0;0;130;0;0;0;0;0;733;0;867;693;733;15;0;0;0;0;0;264;344;94;24;94;0;31.0;87.0;89.0;74;0;94;94;0;0;0;0;0;0;5;89;94;0;0;23;3;43;58;32.9787234043;92.5531914894;94.6808510638;25.53125;45.7421875;61.6953125;24.46484375;0.0;100.0;0.0;0.0;0.0;5.318359375;94.671875;100.0;100.0;0.0;0.0;0.0;0.0;2_Lycées
2019;Public;0782132U;Lycée Jeanne D'Albret;78;Yvelines;Ile-de-France;Versailles;CPGE;Classe préparatoire scientifique;;MPSI;;https://dossier.parcoursup.fr/Candidat/carte?g_ti_cod=10021&g_ta_cod=10021;48.8914,2.0978402;48;1057;290;1057;692;987;70;0;0;0;0;70;0;0;0;0;0;672;0;448;649;668;53;0;0;0;0;4;405;515;46;8;46;0;2.0;30.0;44.0;12;2;46;46;0;0;0;0;0;12;29;5;46;0;0;8;0;46;46;4.34782608696;65.2173913043;95.652173913;17.390625;100.0;100.0;17.390625;4.34765625;100.0;0.0;0.0;26.0859375;63.0390625;10.869140625;100.0;100.0;0.0;0.0;0.0;0.0;2_Lycées
2019;Public;0870015U;Lycée Gay-Lussac;87;Haute-Vienne;Nouvelle-Aquitaine;Limoges;CPGE;Classe préparatoire scientifique;;MPSI;;https://dossier.parcoursup.fr/Candidat/carte?g_ti_cod=10660&g_ta_cod=10660;45.833562,1.2608147;48;1145;299;1145;844;1074;77;7;2;0;0;64;0;0;0;0;0;709;0;637;678;703;62;0;0;0;0;6;226;291;47;10;47;0;8.0;31.0;44.0;23;7;46;46;0;0;1;0;0;4;16;26;46;0;0;8;1;24;24;17.0212765957;65.9574468085;93.6170212766;21.2734375;52.171875;52.171875;17.390625;15.216796875;97.859375;0.0;0.0;8.6953125;34.78125;56.515625;100.0;100.0;0.0;0.0;0.0;0.0;2_Lycées
2019;Public;0880020U;Lycée Claude Gellee;88;Vosges;Grand Est;Nancy-Metz;CPGE;Classe préparatoire scientifique;;MPSI;;https://dossier.parcoursup.fr/Candidat/carte?g_ti_cod=10731&g_ta_cod=10731;48.167,6.4543;36;301;72;301;247;274;22;1;0;0;0;26;0;0;0;0;0;221;0;247;204;209;20;0;0;0;0;12;156;216;26;5;26;0;10.0;23.0;26.0;21;0;25;25;0;0;1;4;1;5;9;6;20;0;0;3;1;16;16;38.4615384615;88.4615384615;100.0;19.23046875;64.0;64.0;12;0.0;96.140625;16.0;4.0;20.0;36.0;24.0;100.0;80.0;0.0;0.0;0.0;0.0;2_Lycées
2019;Public;0910626L;Lycée Blaise Pascal;91;Essonne;Ile-de-France;Versailles;CPGE;Classe préparatoire scientifique;;MPSI;;https://dossier.parcoursup.fr/Candidat/carte?g_ti_cod=10859&g_ta_cod=10859;48.6964,2.1887;84;2239;657;2239;0;2106;126;2;0;0;0;131;0;0;0;0;0;1465;0;0;1465;1464;88;0;0;0;0;1;293;381;83;24;83;0;30.0;75.0;80.0;0;3;82;82;0;0;1;6;0;0;8;68;76;0;0;21;7;67;72;36.1445783133;90.3614457831;96.3855421687;28.9140625;81.703125;87.796875;25.609375;3.658203125;98.78125;7.31640625;0.0;0.0;9.755859375;82.921875;100.0;92.671875;0.0;0.0;0.0;0.0;2_Lycées
2019;Public;0910627M;Lycée Jean Baptiste Corot;91;Essonne;Ile-de-France;Versailles;CPGE;Classe préparatoire scientifique;;MPSI;;https://dossier.parcoursup.fr/Candidat/carte?g_ti_cod=10861&g_ta_cod=10861;48.6761,2.3530402;44;571;154;571;0;537;64;0;0;0;0;34;0;0;0;0;0;326;0;0;326;318;32;0;0;0;0;8;219;302;44;8;44;0;5.0;40.0;43.0;0;3;43;43;0;0;1;0;3;8;22;10;40;0;0;7;4;43;43;11.3636363636;90.9090909091;97.7272727273;18.1796875;100.0;100.0;16.27734375;6.9765625;97.71875;0.0;6.9765625;18.6015625;51.15625;23.25390625;100.0;93.015625;0.0;0.0;0.0;0.0;2_Lycées
2019;Public;0930125F;Lycée Paul Eluard;93;Seine-Saint-Denis;Ile-de-France;Créteil;CPGE;Classe préparatoire scientifique;;MPSI;;https://dossier.parcoursup.fr/Candidat/carte?g_ti_cod=11189&g_ta_cod=11189;48.9422,2.3637;24;579;158;579;0;513;144;7;1;0;0;59;0;0;0;0;0;348;0;0;348;331;94;0;0;0;0;17;200;291;24;9;24;0;2.0;22.0;24.0;0;4;24;24;0;0;0;2;7;9;6;0;15;0;0;6;4;19;22;8.33333333333;91.6666666667;100.0;37.5;79.15625;91.65625;25;16.6640625;100.0;8.33203125;29.1640625;37.5;25.0;0.0;100.0;62.5;0.0;0.0;0.0;0.0;2_Lycées
2019;Privé;0331503E;Lycée Sainte Marie Grand Lebrun;33;Gironde;Nouvelle-Aquitaine;Bordeaux;CPGE;Classe préparatoire scientifique;;MPSI;;https://dossier.parcoursup.fr/Candidat/carte?g_ti_cod=17639&g_ta_cod=17639;44.8502,-0.6079;48;397;108;391;0;354;18;1;0;0;0;36;6;5;0;0;1;314;1;0;314;300;13;0;0;0;0;14;253;314;49;12;48;1;8.0;45.0;49.0;0;2;48;48;0;0;1;0;6;19;18;5;42;0;0;1;0;39;39;16.3265306122;91.8367346939;100.0;24.48828125;81.25;81.25;2.0830078125;4.166015625;97.953125;0.0;12.5;39.578125;37.5;10.416015625;100.0;87.5;0.0;0.0;0.0;0.0;2_Lycées
